tree
version=v4
num_class=1
num_tree_per_iteration=1
label_index=0
max_feature_idx=8
objective=binary sigmoid:1
feature_names=wind_zone_kt asset_type condition_rating flood_zone tree_canopy_pct age_years elevation_m length_km past_storm_failures
feature_infos=[0:64] -1:1:2:3:5:4:0 [1:5] -1:0:2:1 [5:62] [1:53] [1:18] [0:73.400000000000006] [0:1]
tree_sizes=987 1015 996 1018 984 1025 1005 1002 1005 996 998 1020 1007 1009 1004 1003 1018 1020 1018 1009 1023 1006 1022 1014 1012 1010 1007 1010 1014 1017 1009 1005 1004 1029 994 1029 1009 1009 1008 1023 1014 1010 1014 1010 1031 1024 1010 1010 1027 1009 1012 1020 1024 1024 1023 1023 1007 1024 1028 1004 1004 1029 1028 1009 1015 1029 1011 1014 1002 1010 1023 1038 1008 1018 1011 1021 1028 1036 1023 1021 1008 1014 1008 1034 1016 1034 1023 1010 1015 1030 1009 1001 1022 1028 1022 1028 1010 1021 1031 1013 1032 1025 1025 1023 1015 1020 1024 1026 1019 1030 1024 1010 1020 1029 1014 1012 1011 1018 1021 1033 1024 1013 1004 1032 1005 1022 1004 1039 1015 1020 1009 1005 1024 1027 1038 1019 1013 1009 1022 1041 1021 1027 1031 1027 1016 1010 1026 1033 1010 1035 1007 1038 1031 1007 1029 1030 1026 1027 1037 1009 1017 1005 1029 1021 1017 1015 1016 1017 1040 1020 1042 1018 1024 1039 1014 1014 1023 1022 1005 1020 1032 1011 1021 1021 1031 1041 1033 1001 1032 1025 1029 1022 1027 1029 1001 1020 1020 1040 1035 1022

Tree=0
num_leaves=8
num_cat=1
split_feature=0 0 1 4 0 8 4
split_gain=4911.31 970.669 774.441 285.44 278.79 260.718 222.76
threshold=57.000000000000007 42.000000000000007 0 46.500000000000007 1.0000000180025095e-35 1.0000000180025095e-35 46.500000000000007
decision_type=2 2 1 2 2 2 2
left_child=1 4 3 -3 -1 -2 -6
right_child=5 2 -4 -5 6 -7 -8
leaf_value=-1.7100771284433625 -1.4752076257383642 -1.5548040974708575 -1.6692674405584329 -1.3873860579974326 -1.6783083116355273 -1.3648325872683034 -1.5846389608502935
leaf_weight=939.90141007304192 164.88078138232231 154.22154919803143 229.51080943644047 30.493499666452408 837.3568979203701 79.202142938971519 68.677837744355202
leaf_count=6966 1222 1143 1701 226 6206 587 509
internal_value=-1.65247 -1.67548 -1.60631 -1.5336 -1.691 -1.43939 -1.67121
internal_weight=2504.24 2260.16 414.226 184.715 1845.94 244.083 906.035
internal_count=18560 16751 3070 1369 13681 1809 6715
cat_boundaries=0 1
cat_threshold=12
is_linear=0
shrinkage=1


Tree=1
num_leaves=8
num_cat=1
split_feature=0 0 1 0 8 4 5
split_gain=3896.64 882.823 631.166 272.726 207.413 184.252 152.274
threshold=57.000000000000007 42.000000000000007 0 1.0000000180025095e-35 1.0000000180025095e-35 46.500000000000007 32.500000000000007
decision_type=2 2 1 2 2 2 2
left_child=1 3 5 -1 -5 -3 -2
right_child=6 2 -4 4 -6 -7 -8
leaf_value=-0.056994943119448818 0.13100170256525009 0.086792535042603897 -0.016176741280395295 -0.035015364532797258 0.016114020418018762 0.2114762685258747 0.20604600300763876
leaf_weight=903.47383457422256 113.83102110028267 164.56959579885006 226.90096843242645 597.73610374331474 296.86098456382751 36.136314421892166 166.43175727128983
leaf_count=6966 737 1143 1701 4502 2213 226 1072
internal_value=-0.000136479 -0.0222614 0.0423125 -0.037618 -0.0180487 0.104057 0.175566
internal_weight=2505.94 2225.68 427.607 1798.07 894.597 200.706 280.263
internal_count=18560 16751 3070 13681 6715 1369 1809
cat_boundaries=0 1
cat_threshold=12
is_linear=0
shrinkage=0.05


Tree=2
num_leaves=8
num_cat=2
split_feature=0 0 1 0 7 8 1
split_gain=3202.77 805.686 524.38 266.894 200.37 147.8 142.72
threshold=57.000000000000007 42.000000000000007 0 1.0000000180025095e-35 11.950000000000001 1.0000000180025095e-35 1
decision_type=2 2 1 2 2 2 1
left_child=1 3 -3 -1 5 -5 -2
right_child=6 2 -4 4 -6 -7 -8
leaf_value=-0.05641050293160739 0.035188904576014604 0.092511346282771981 -0.015570686944216719 -0.042559005778294107 0.039790625335897771 0.0048506229246302853 0.16322075993967217
leaf_weight=868.08915263414383 47.585022807121277 214.67014545202255 224.40014433860779 510.5055145919323 130.624612018466 242.4742321819067 263.11914123594761
leaf_count=6966 284 1369 1701 3945 961 1809 1525
internal_value=-0.000232796 -0.0215392 0.0390251 -0.03672 -0.0173752 -0.0272922 0.149998
internal_weight=2501.47 2190.76 439.07 1751.69 883.604 752.98 310.704
internal_count=18560 16751 3070 13681 6715 5754 1809
cat_boundaries=0 1 2
cat_threshold=12 33
is_linear=0
shrinkage=0.05


Tree=3
num_leaves=8
num_cat=1
split_feature=0 0 1 0 7 8 4
split_gain=2748.37 704.022 444.279 261.104 181.559 139.783 127.321
threshold=42.000000000000007 57.000000000000007 0 1.0000000180025095e-35 11.950000000000001 1.0000000180025095e-35 46.500000000000007
decision_type=2 2 1 2 2 2 2
left_child=3 2 6 -1 5 -5 -2
right_child=1 -3 -4 4 -6 -7 -8
leaf_value=-0.055854274717763067 0.069111407474851144 0.13206325015344753 -0.014982466705455211 -0.041685895957831245 0.036782150142179781 0.0045925087814340133 0.16494578719657826
leaf_weight=833.76698273420334 184.06482888758183 335.2669867426157 222.00458581745625 495.52149139344692 134.14805741608143 243.2758287191391 42.696716159582138
leaf_count=6966 1143 1809 1701 3945 961 1809 226
internal_value=-0.000244962 0.0772468 0.0362942 -0.0358433 -0.0167304 -0.0264471 0.0834748
internal_weight=2490.75 784.033 448.766 1706.71 872.945 738.797 226.762
internal_count=18560 4879 3070 13681 6715 5754 1369
cat_boundaries=0 1
cat_threshold=12
is_linear=0
shrinkage=0.05


Tree=4
num_leaves=8
num_cat=3
split_feature=0 0 1 0 1 1 4
split_gain=2433.24 563.299 378.213 255.412 170.211 112.303 99.6798
threshold=42.000000000000007 57.000000000000007 0 1.0000000180025095e-35 1 2 46.500000000000007
decision_type=2 2 1 2 1 1 2
left_child=3 2 6 -1 -5 -3 -2
right_child=1 5 -4 4 -6 -7 -8
leaf_value=-0.055323568181353769 0.062984732766277543 0.025905140191513021 -0.014411845842509388 0.0079275875482532829 -0.036355468339003147 0.128139225533867 0.14488838777649821
leaf_weight=800.51926204562187 191.66242450475693 52.125877022743225 219.7105415314436 400.81327413022518 461.71707692742348 305.12719099223614 46.079691350460052
leaf_count=6966 1143 284 1701 3013 3702 1525 226
internal_value=-0.000303952 0.0704883 0.033747 -0.0349841 -0.016107 0.117534 0.0756763
internal_weight=2477.76 814.706 457.453 1663.05 862.53 357.253 237.742
internal_count=18560 4879 3070 13681 6715 1809 1369
cat_boundaries=0 1 2 3
cat_threshold=12 12 33
is_linear=0
shrinkage=0.05


Tree=5
num_leaves=8
num_cat=1
split_feature=0 0 1 0 8 7 8
split_gain=2172.96 467.033 324.952 249.872 166.353 100.835 100.499
threshold=42.000000000000007 57.000000000000007 0 1.0000000180025095e-35 1.0000000180025095e-35 1.0000000180025095e-35 1.0000000180025095e-35
decision_type=2 2 1 2 2 2 2
left_child=3 2 -2 -1 5 -5 -3
right_child=1 6 -4 4 -6 -7 -8
leaf_value=-0.054815909214768137 0.069111683269105148 0.087919529851425912 -0.013858569354690195 -0.041485057297844165 0.014243050151057575 0.015910208778606782 0.14258597757365105
leaf_weight=768.35123254358768 247.40667296946049 247.44201102852821 217.51433618366718 458.02107955515385 303.01208434998989 91.873737059533596 127.34115198254585
leaf_count=6966 1369 1222 1701 3826 2213 676 587
internal_value=-0.000322038 0.064962 0.0314823 -0.0341348 -0.015504 -0.0318957 0.106494
internal_weight=2460.96 839.704 464.921 1621.26 852.907 549.895 374.783
internal_count=18560 4879 3070 13681 6715 4502 1809
cat_boundaries=0 1
cat_threshold=12
is_linear=0
shrinkage=0.05


Tree=6
num_leaves=8
num_cat=2
split_feature=0 0 1 0 8 7 1
split_gain=1946.09 389.924 281.946 244.392 153.976 94.9763 90.3214
threshold=42.000000000000007 57.000000000000007 0 1.0000000180025095e-35 1.0000000180025095e-35 1.0000000180025095e-35 1
decision_type=2 2 1 2 2 2 1
left_child=3 2 -2 -1 5 -5 -3
right_child=1 6 -4 4 -6 -7 -8
leaf_value=-0.054329065860381456 0.063567821910489306 0.020019962919441445 -0.013322382200201214 -0.040648934434026306 0.013399153567007927 0.014949717392441334 0.10600460068158993
leaf_weight=737.26216761767864 256.16764648258686 55.139886975288391 215.41234517097473 444.41822510957718 305.91430926322937 92.861377485096455 334.98039907217026
leaf_count=6966 1369 284 1701 3826 2213 676 1525
internal_value=-0.00034493 0.0601024 0.0295107 -0.0333022 -0.014917 -0.0310395 0.0970819
internal_weight=2442.16 861.7 471.58 1580.46 843.194 537.28 390.12
internal_count=18560 4879 3070 13681 6715 4502 1809
cat_boundaries=0 1 2
cat_threshold=12 33
is_linear=0
shrinkage=0.05


Tree=7
num_leaves=8
num_cat=2
split_feature=0 0 1 0 4 8 1
split_gain=1752.88 333.666 245.915 238.96 147.348 88.4368 81.8436
threshold=42.000000000000007 57.000000000000007 0 1.0000000180025095e-35 46.500000000000007 1.0000000180025095e-35 1
decision_type=2 2 1 2 2 2 1
left_child=3 2 -2 -1 5 -5 -3
right_child=1 6 -4 4 -6 -7 -8
leaf_value=-0.053860963969372656 0.058714615311053042 0.11175448730290845 -0.012803026879258231 -0.032978804895611225 0.051289624856963881 0.0034911691228158709 0.053315609577000836
leaf_weight=707.24651388823986 264.0862782150507 220.99253268539906 213.40107062458992 509.48955269157887 77.547740533947945 246.72404444217682 181.25517150759697
leaf_count=6966 1369 970 1701 4397 509 1809 839
internal_value=-0.000335677 0.0559759 0.0277131 -0.032483 -0.014349 -0.02108 0.0895253
internal_weight=2420.74 879.735 477.487 1541.01 833.761 756.214 402.248
internal_count=18560 4879 3070 13681 6715 6206 1809
cat_boundaries=0 1 2
cat_threshold=12 28
is_linear=0
shrinkage=0.05


Tree=8
num_leaves=8
num_cat=2
split_feature=0 0 0 1 1 4 8
split_gain=1584.11 289.489 233.585 215.448 143.038 81.0046 76.8098
threshold=42.000000000000007 57.000000000000007 1.0000000180025095e-35 0 1 46.500000000000007 1.0000000180025095e-35
decision_type=2 2 2 1 1 2 2
left_child=2 3 -1 5 -4 -2 -3
right_child=1 6 4 -5 -6 -7 -8
leaf_value=-0.053409695301165731 0.043130038740900059 0.067613615265329718 0.0077933581733013145 -0.012300228507303574 -0.033587648148842165 0.11255767688512053 0.11315914932770788
leaf_weight=678.29435831308365 219.27486629784107 271.98647758364677 400.59986837953329 211.47700200229883 424.04926854372025 51.970709562301636 140.32894745469093
leaf_count=6966 1143 1222 3013 1701 3702 226 587
internal_value=-0.0003144 0.0523467 -0.0316753 0.0260664 -0.0137983 0.0544259 0.0831147
internal_weight=2397.98 895.038 1502.94 482.723 824.649 271.246 412.315
internal_count=18560 4879 13681 3070 6715 1369 1809
cat_boundaries=0 1 2
cat_threshold=12 12
is_linear=0
shrinkage=0.05


Tree=9
num_leaves=8
num_cat=3
split_feature=0 0 0 1 1 8 1
split_gain=1430.71 251.682 228.285 189.231 133.252 76.8915 74.4124
threshold=42.000000000000007 57.000000000000007 1.0000000180025095e-35 0 1 1.0000000180025095e-35 2
decision_type=2 2 2 1 1 2 1
left_child=2 3 -1 -2 -4 -6 -3
right_child=1 6 4 -5 5 -7 -8
leaf_value=-0.052973502691065558 0.050582630801800525 0.097466227164338254 0.0073741523278880632 -0.011813698214869555 -0.046057214251379791 0.0035840921454064409 0.045033397720754015
leaf_weight=650.39225859940052 277.2996331602335 231.90054596960545 402.71697514504194 209.63679351657629 309.37869495153427 104.30654403567314 188.97678031027317
leaf_count=6966 1369 970 3013 1701 2908 794 839
internal_value=-0.000341114 0.0489917 -0.0308737 0.0245158 -0.0132678 -0.032749 0.0773093
internal_weight=2374.61 907.814 1466.79 486.936 816.402 413.685 420.877
internal_count=18560 4879 13681 3070 6715 3702 1809
cat_boundaries=0 1 2 3
cat_threshold=12 12 28
is_linear=0
shrinkage=0.05


Tree=10
num_leaves=8
num_cat=3
split_feature=0 0 0 1 1 8 1
split_gain=1298.26 223.036 222.505 167.001 124.059 73.6464 71.8897
threshold=42.000000000000007 1.0000000180025095e-35 57.000000000000007 0 1 1.0000000180025095e-35 2
decision_type=2 2 2 1 1 2 1
left_child=1 -1 3 -2 -3 -6 -4
right_child=2 4 6 -5 5 -7 -8
leaf_value=-0.052550759326304541 0.047161672671233418 0.0069795364768143568 0.011025191861242527 -0.011343149426766693 -0.045360123629279478 0.0033962736065142676 0.079978180642941446
leaf_weight=623.5236584097147 283.11212408542633 404.72441152483225 59.786409616470337 207.8771500736475 298.69866642355919 104.56421092152596 367.59779588878155
leaf_count=6966 1369 3013 284 1701 2908 794 1525
internal_value=-0.000316909 -0.0300843 0.0460828 0.0231212 -0.0127469 -0.0319261 0.0724617
internal_weight=2349.88 1431.51 918.373 490.989 807.987 403.263 427.384
internal_count=18560 13681 4879 3070 6715 3702 1809
cat_boundaries=0 1 2 3
cat_threshold=12 12 33
is_linear=0
shrinkage=0.05


Tree=11
num_leaves=8
num_cat=1
split_feature=0 0 0 1 4 8 4
split_gain=1179.21 217.793 197.841 147.804 120.151 73.0353 71.5042
threshold=42.000000000000007 1.0000000180025095e-35 57.000000000000007 0 46.500000000000007 1.0000000180025095e-35 51.500000000000007
decision_type=2 2 2 1 2 2 2
left_child=1 -1 3 6 5 -3 -2
right_child=2 4 -4 -5 -6 -7 -8
leaf_value=-0.052139934974255654 0.035178156038380114 -0.03030370429434805 0.068133511488595963 -0.010888289397176121 0.045439243343439815 0.003241376437670362 0.10507874416640012
leaf_weight=597.66951017081738 245.37449026107788 471.26674970984459 432.33120647072792 206.19486529380083 81.121494710445404 247.46633121371269 42.996342688798904
leaf_count=6966 1191 4397 1809 1701 509 1809 178
internal_value=-0.000302558 -0.0293056 0.0434267 0.0218289 -0.0122433 -0.0187538 0.0440721
internal_weight=2324.42 1397.52 926.897 494.566 799.855 718.733 288.371
internal_count=18560 13681 4879 3070 6715 6206 1369
cat_boundaries=0 1
cat_threshold=12
is_linear=0
shrinkage=0.05


Tree=12
num_leaves=8
num_cat=1
split_feature=0 0 1 6 7 0 0
split_gain=1070.01 212.512 175.814 140.284 112.835 109.87 103.4
threshold=42.000000000000007 1.0000000180025095e-35 0 2.5000000000000004 11.950000000000001 57.000000000000007 57.000000000000007
decision_type=2 2 1 2 2 2 2
left_child=1 -1 5 6 -3 -2 -4
right_child=2 4 3 -5 -6 -7 -8
leaf_value=-0.051739617022329633 0.042671342172966455 -0.020690760278742677 0.0087056188527001015 -0.0068940679340666463 0.028124387672009962 0.090578739050800147 0.08456476830012255
leaf_weight=572.80874218046665 292.6369816660881 647.08557391166687 81.546085104346275 257.55683156102896 144.88453668355942 202.48679375648499 100.01476858556271
leaf_count=6966 1369 5754 678 1608 961 817 407
internal_value=-0.000317777 -0.02854 0.0409104 0.016459 -0.0117604 0.061031 0.0504935
internal_weight=2299.02 1364.78 934.241 439.118 791.97 495.124 181.561
internal_count=18560 13681 4879 2693 6715 2186 1085
cat_boundaries=0 1
cat_threshold=12
is_linear=0
shrinkage=0.05


Tree=13
num_leaves=8
num_cat=2
split_feature=0 0 0 4 1 8 1
split_gain=972.025 207.385 162.247 119.966 109.005 69.5331 66.0559
threshold=42.000000000000007 1.0000000180025095e-35 57.000000000000007 46.500000000000007 0 1.0000000180025095e-35 1
decision_type=2 2 2 2 1 2 1
left_child=1 -1 3 6 -3 -6 -2
right_child=2 4 -4 -5 5 -7 -8
leaf_value=-0.051348479383731563 0.027594356584272291 0.0069531721160720414 0.060821113558521982 0.088377076484242034 -0.043883980961787361 0.0041354329202228845 -0.010422333227829289
leaf_weight=548.9184662103653 241.36910158395767 404.05655334144831 438.61606600880623 55.690199017524719 277.14690604805946 103.55553817749023 204.48888073861599
leaf_count=6966 1143 3013 1809 226 2908 794 1701
internal_value=-0.000326072 -0.0277737 0.03861 0.0191859 -0.0112838 -0.0300332 0.0105435
internal_weight=2273.84 1333.68 940.164 501.548 784.759 380.702 445.858
internal_count=18560 13681 4879 3070 6715 3702 2844
cat_boundaries=0 1 2
cat_threshold=12 12
is_linear=0
shrinkage=0.05


Tree=14
num_leaves=8
num_cat=2
split_feature=0 0 1 6 1 0 0
split_gain=884.444 202.157 146.452 125.192 101.257 97.9487 82.2532
threshold=42.000000000000007 1.0000000180025095e-35 0 2.5000000000000004 1 57.000000000000007 57.000000000000007
decision_type=2 2 1 2 1 2 2
left_child=1 -1 5 6 -3 -2 -4
right_child=2 4 3 -5 -6 -7 -8
leaf_value=-0.050965281154191203 0.037569510590686125 0.0065831528465674334 0.0088022837698892228 -0.0078927557512251025 -0.029243637545715958 0.082492692896460065 0.076297731656667908
leaf_weight=525.97449651360512 300.13858743011951 405.94135393202305 81.445277497172356 257.81852370500565 371.54630872607231 203.68112087249756 101.25535488128662
leaf_count=6966 1369 3013 678 1608 3702 817 407
internal_value=-0.000329304 -0.027025 0.0365185 0.0142226 -0.0108292 0.0546461 0.0462092
internal_weight=2247.8 1303.46 944.339 440.519 777.488 503.82 182.701
internal_count=18560 13681 4879 2693 6715 2186 1085
cat_boundaries=0 1 2
cat_threshold=12 12
is_linear=0
shrinkage=0.05


Tree=15
num_leaves=8
num_cat=0
split_feature=0 0 0 4 8 7 8
split_gain=805.259 196.919 135.072 104.372 99.7179 69.4466 61.9927
threshold=42.000000000000007 1.0000000180025095e-35 57.000000000000007 46.500000000000007 1.0000000180025095e-35 1.0000000180025095e-35 1.0000000180025095e-35
decision_type=2 2 2 2 2 2 2
left_child=1 -1 3 -2 5 -3 -4
right_child=2 4 6 -5 -6 -7 -8
leaf_value=-0.050588845648338043 0.0089349237451779393 -0.035165348652126803 0.041634432782733155 0.081139691782546791 0.011401113783442628 0.012857051973994244 0.081487893198034789
leaf_weight=503.95171312987804 450.2044295668602 363.8873675018549 295.12926039099693 56.308606922626495 312.20703567564487 94.9225143045187 145.77356489002705
leaf_count=6966 2844 3826 1222 226 2213 676 587
internal_value=-0.000338782 -0.0262835 0.0345759 0.0169619 -0.010397 -0.0252301 0.054811
internal_weight=2222.38 1274.97 947.416 506.513 771.017 458.81 440.903
internal_count=18560 13681 4879 3070 6715 4502 1809
is_linear=0
shrinkage=0.05


Tree=16
num_leaves=8
num_cat=1
split_feature=0 0 1 6 8 0 0
split_gain=733.47 191.648 129.817 110.673 91.8552 85.0633 69.3157
threshold=42.000000000000007 1.0000000180025095e-35 0 2.5000000000000004 1.0000000180025095e-35 57.000000000000007 57.000000000000007
decision_type=2 2 1 2 2 2 2
left_child=1 -1 5 6 -3 -2 -4
right_child=2 4 3 -5 -6 -7 -8
leaf_value=-0.050218066688524202 0.034030634312557984 -0.024475742810551621 0.0078095603622629853 -0.0088831965004477313 0.010748675260554324 0.07584167019141469 0.069534599493425414
leaf_weight=482.82406188547611 304.7049235701561 449.67131793498993 82.490047618746758 258.96592251956463 314.53817361593246 202.48391464352608 101.38314867019653
leaf_count=6966 1369 4502 678 1608 2213 817 407
internal_value=-0.000342384 -0.025558 0.0327563 0.0119102 -0.00997785 0.049742 0.0418432
internal_weight=2197.06 1247.03 950.028 442.839 764.209 507.189 183.873
internal_count=18560 13681 4879 2693 6715 2186 1085
cat_boundaries=0 1
cat_threshold=12
is_linear=0
shrinkage=0.05


Tree=17
num_leaves=8
num_cat=1
split_feature=0 0 1 6 7 0 8
split_gain=668.586 186.52 116.028 99.7389 89.1325 79.9595 74.9083
threshold=42.000000000000007 1.0000000180025095e-35 0 2.5000000000000004 11.950000000000001 57.000000000000007 1.0000000180025095e-35
decision_type=2 2 1 2 2 2 2
left_child=1 -1 5 -4 6 -2 -3
right_child=2 4 3 -5 -6 -7 -8
leaf_value=-0.049851908823079813 0.032002273970753274 -0.032556064857598564 0.039704887924716596 -0.0084741692601859476 0.025112061870765614 0.072540953929087021 0.0031383936161188085
leaf_weight=462.56502149999142 307.73566180467606 361.43102299422026 184.09359338879585 257.9197306483984 148.92026869952679 201.14491830766201 247.72650715708733
leaf_count=6966 1369 3945 1085 1608 961 817 1809
internal_value=-0.00034359 -0.0248307 0.03109 0.0113354 -0.00956315 0.0471004 -0.0180402
internal_weight=2171.54 1220.64 950.894 442.013 758.078 508.881 609.158
internal_count=18560 13681 4879 2693 6715 2186 5754
cat_boundaries=0 1
cat_threshold=12
is_linear=0
shrinkage=0.05


Tree=18
num_leaves=8
num_cat=1
split_feature=0 0 0 4 1 4 5
split_gain=609.159 181.239 112.344 90.9588 86.0443 55.2188 54.6854
threshold=42.000000000000007 1.0000000180025095e-35 57.000000000000007 46.500000000000007 0 46.500000000000007 32.500000000000007
decision_type=2 2 2 2 1 2 2
left_child=1 -1 3 -2 5 -3 -4
right_child=2 4 6 -5 -6 -7 -8
leaf_value=-0.04948938017139335 0.0063066762942157661 -0.0068840883958684431 0.026681466616337524 0.073550334567264203 -0.043271563662095454 0.036044331074266377 0.062710160760933817
leaf_weight=443.14770738780499 459.40181102603674 525.80218678712845 176.99074818193913 56.471987873315811 138.48387739062309 87.354820907115936 260.09271854162216
leaf_count=6966 2844 4547 737 226 1659 509 1072
internal_value=-0.000346222 -0.0241275 0.02947 0.0136677 -0.0091748 -0.000755865 0.0481209
internal_weight=2147.75 1194.79 952.957 515.874 751.641 613.157 437.083
internal_count=18560 13681 4879 3070 6715 5056 1809
cat_boundaries=0 1
cat_threshold=14
is_linear=0
shrinkage=0.05


Tree=19
num_leaves=8
num_cat=2
split_feature=0 0 1 6 1 0 0
split_gain=555.846 175.844 104.99 87.6373 81.5669 71.1731 60.5509
threshold=42.000000000000007 1.0000000180025095e-35 0 2.5000000000000004 1 57.000000000000007 57.000000000000007
decision_type=2 2 1 2 1 2 2
left_child=1 -1 5 6 -3 -2 -4
right_child=2 4 3 -5 -6 -7 -8
leaf_value=-0.049129531006839318 0.029164544139995186 -0.00072229635957281812 0.0048763728032579457 -0.0092468003587752711 -0.042676068309678572 0.067534342895241267 0.062095007076106871
leaf_weight=424.54510521143675 310.85669432580471 612.32633332163095 85.702509641647339 258.63744534552097 133.6578633338213 197.73665183782578 100.40547071397305
leaf_count=6966 1369 5056 678 1608 1659 817 407
internal_value=-0.000356389 -0.0234406 0.0279869 0.00937014 -0.00882091 0.0432323 0.0357459
internal_weight=2123.87 1170.53 953.339 444.745 745.984 508.593 186.108
internal_count=18560 13681 4879 2693 6715 2186 1085
cat_boundaries=0 1 2
cat_threshold=12 14
is_linear=0
shrinkage=0.05


Tree=20
num_leaves=8
num_cat=1
split_feature=0 0 0 4 1 8 8
split_gain=507.636 170.592 96.5 80.8813 77.9105 57.6882 52.9951
threshold=42.000000000000007 1.0000000180025095e-35 57.000000000000007 46.500000000000007 0 1.0000000180025095e-35 1.0000000180025095e-35
decision_type=2 2 2 2 1 2 2
left_child=1 -1 3 -2 -3 -6 -4
right_child=2 4 6 -5 5 -7 -8
leaf_value=-0.04877148577184004 0.0052162681664590406 0.0063968953562248167 0.032041512257083932 0.06872434958629807 -0.040413197983993898 0.0045290341989410836 0.069521407301308499
leaf_weight=406.73007088154554 462.76748187839985 405.38173761963844 293.88224522769451 56.224848806858063 232.63856668025255 103.02429100871086 138.88722072541714
leaf_count=6966 2844 3013 1222 226 2908 794 587
internal_value=-0.000364243 -0.0227525 0.0266348 0.0120964 -0.00847171 -0.0258491 0.0440698
internal_weight=2099.54 1147.77 951.762 518.992 741.045 335.663 432.769
internal_count=18560 13681 4879 3070 6715 3702 1809
cat_boundaries=0 1
cat_threshold=12
is_linear=0
shrinkage=0.05


Tree=21
num_leaves=8
num_cat=2
split_feature=0 0 1 6 1 0 0
split_gain=463.292 165.457 94.499 78.4291 73.6067 64.0414 52.1797
threshold=42.000000000000007 1.0000000180025095e-35 0 2.5000000000000004 1 57.000000000000007 57.000000000000007
decision_type=2 2 1 2 1 2 2
left_child=1 -1 5 6 -3 -2 -4
right_child=2 4 3 -5 -6 -7 -8
leaf_value=-0.048414383252292248 0.026658429539411915 -0.00060378507539579293 0.0043391017450199344 -0.009855451974620167 -0.041513985330808467 0.063265942873711636 0.05753017032738196
leaf_weight=389.67569386214018 313.26864412426949 610.68096840381622 86.31172987818718 258.90437940508127 124.75309004634619 193.11994606256485 98.981432616710663
leaf_count=6966 1369 5056 678 1608 1659 817 407
internal_value=-0.000360517 -0.0220732 0.0253386 0.00774402 -0.00811615 0.0398327 0.0327531
internal_weight=2075.7 1125.11 950.586 444.198 735.434 506.389 185.293
internal_count=18560 13681 4879 2693 6715 2186 1085
cat_boundaries=0 1 2
cat_threshold=12 14
is_linear=0
shrinkage=0.05


Tree=22
num_leaves=8
num_cat=1
split_feature=0 0 5 1 0 7 4
split_gain=423.323 160.256 89.9913 69.7313 50.2803 49.9183 47.7995
threshold=42.000000000000007 1.0000000180025095e-35 33.500000000000007 0 57.000000000000007 28.750000000000004 46.500000000000007
decision_type=2 2 2 1 2 2 2
left_child=1 -1 -2 6 5 -4 -3
right_child=2 3 4 -5 -6 -7 -8
leaf_value=-0.048057417794109936 0.0059421926546376841 -0.0063779674249005011 0.014171489319328845 -0.040922643478057498 0.054239325963579943 0.065502435943168763 0.033202096643846712
leaf_weight=373.35521931946278 395.63913866877556 521.06378117203712 251.49054919183254 120.48134612292051 242.42642290890217 58.352782383561134 89.361880257725716
leaf_count=6966 2154 4547 1450 1659 1034 241 509
internal_value=-0.000366539 -0.0214066 0.0241439 -0.00779301 0.0371834 0.0238386 -0.000574325
internal_weight=2052.17 1104.26 947.909 730.907 552.27 309.843 610.426
internal_count=18560 13681 4879 6715 2725 1691 5056
cat_boundaries=0 1
cat_threshold=14
is_linear=0
shrinkage=0.05


Tree=23
num_leaves=8
num_cat=2
split_feature=0 0 1 8 4 8 1
split_gain=389.016 195.845 135.804 65.1998 60.9386 49.5029 49.1428
threshold=1.0000000180025095e-35 57.000000000000007 0 1.0000000180025095e-35 46.500000000000007 1.0000000180025095e-35 1
decision_type=2 2 1 2 2 2 1
left_child=-1 2 4 -4 -2 6 -3
right_child=1 5 3 -5 -6 -7 -8
leaf_value=-0.047699816732676772 0.0066441801224085108 0.04714343227174287 -0.030697888584090657 0.0084788974878285388 0.042775121340411219 0.064349619782824136 0.0051809458145956515
leaf_weight=357.74220382422209 576.72927861660719 142.85546465218067 378.71693471074104 147.58817852288485 146.30568774044514 133.07453045248985 148.59223426878452
leaf_count=6966 3647 597 4255 1148 735 587 625
internal_value=-0.000372829 0.00974202 -0.000227551 -0.0193443 0.0137649 0.0390818 0.0275445
internal_weight=2031.6 1673.86 1249.34 526.305 723.035 424.522 291.448
internal_count=18560 11594 9785 5403 4382 1809 1222
cat_boundaries=0 1 2
cat_threshold=12 28
is_linear=0
shrinkage=0.05


Tree=24
num_leaves=8
num_cat=2
split_feature=0 0 1 8 4 8 1
split_gain=365.019 179.385 123.519 60.8689 54.0706 46.6149 45.4703
threshold=1.0000000180025095e-35 57.000000000000007 0 1.0000000180025095e-35 46.500000000000007 1.0000000180025095e-35 1
decision_type=2 2 1 2 2 2 1
left_child=-1 2 4 -4 -2 6 -3
right_child=1 5 3 -5 -6 -7 -8
leaf_value=-0.04734083392178922 0.0062898965551737894 0.04536717924961936 -0.029896944908186309 0.0080063350723376722 0.04015521238648851 0.062357401050688988 0.0049344561686681778
leaf_weight=342.81064510345459 578.70115606486797 141.45359326899052 369.65300124883652 148.46124818176031 148.01303204894066 130.52470505237579 148.71050082147121
leaf_count=6966 3647 597 4255 1148 735 587 625
internal_value=-0.000356012 0.0093148 -0.000224448 -0.0186756 0.0130084 0.0375417 0.0263788
internal_weight=2008.33 1665.52 1244.83 518.114 726.714 420.689 290.164
internal_count=18560 11594 9785 5403 4382 1809 1222
cat_boundaries=0 1 2
cat_threshold=12 28
is_linear=0
shrinkage=0.05


Tree=25
num_leaves=8
num_cat=2
split_feature=0 0 1 8 4 8 1
split_gain=342.545 164.42 112.348 56.7921 48.0648 43.9926 42.1156
threshold=1.0000000180025095e-35 57.000000000000007 0 1.0000000180025095e-35 46.500000000000007 1.0000000180025095e-35 1
decision_type=2 2 1 2 2 2 1
left_child=-1 2 4 -4 -2 6 -3
right_child=1 5 3 -5 -6 -7 -8
leaf_value=-0.046979767600806285 0.0059556951565488819 0.043684755904739553 -0.029102929139882702 0.0075627998789334315 0.037742744071175137 0.060496741690219603 0.0046999048460156243
leaf_weight=328.53495609015226 580.56685120612383 139.97919104993343 360.97485461831093 149.2878470569849 149.55877342820168 127.8796683549881 148.8215456455946
leaf_count=6966 3647 597 4255 1148 735 587 625
internal_value=-0.000339391 0.00890766 -0.000220861 -0.0180224 0.0122985 0.0360817 0.0252709
internal_weight=1985.6 1657.07 1240.39 510.263 730.126 416.68 288.801
internal_count=18560 11594 9785 5403 4382 1809 1222
cat_boundaries=0 1 2
cat_threshold=12 28
is_linear=0
shrinkage=0.05


Tree=26
num_leaves=8
num_cat=2
split_feature=0 0 5 1 0 7 1
split_gain=321.777 133.42 72.7468 55.4733 38.8905 39.3538 33.6127
threshold=42.000000000000007 1.0000000180025095e-35 32.500000000000007 0 57.000000000000007 28.750000000000004 1
decision_type=2 2 2 1 2 2 1
left_child=1 -1 6 -3 5 -4 -2
right_child=2 3 4 -5 -6 -7 -8
leaf_value=-0.046615943094274061 -0.0096033409073392195 -0.001443948763997213 0.012586472048757281 -0.039005246371312308 0.04769066142278202 0.058415764295529742 0.019833502528386126
leaf_weight=314.89006872475147 203.81233114749193 614.16595255583525 256.14303307235241 107.79978094249964 240.68169662356377 57.326170518994331 168.64208155870438
leaf_count=6966 1299 5056 1498 1659 1072 241 769
internal_value=-0.000323015 -0.0194578 0.0210885 -0.00761265 0.0325741 0.0209676 0.00399991
internal_weight=1963.46 1036.86 926.605 721.966 554.151 313.469 372.454
internal_count=18560 13681 4879 6715 2811 1739 2068
cat_boundaries=0 1 2
cat_threshold=14 35
is_linear=0
shrinkage=0.05


Tree=27
num_leaves=8
num_cat=2
split_feature=0 0 1 8 8 4 1
split_gain=301.434 141.042 96.7467 51.7869 41.7902 41.7252 37.1346
threshold=1.0000000180025095e-35 57.000000000000007 0 1.0000000180025095e-35 1.0000000180025095e-35 46.500000000000007 1
decision_type=2 2 1 2 2 2 1
left_child=-1 2 5 -4 6 -2 -3
right_child=1 4 3 -5 -6 -7 -8
leaf_value=-0.046248711412804164 0.0052744568337914867 0.040612759634493331 -0.028017171883758886 0.0070977023951308811 0.057857218123704673 0.034818290509067193 0.0039261698390437973
leaf_weight=301.85151180624962 583.30848208069801 136.86969628930092 349.0917492210865 150.16156594455242 123.44751542806625 150.30502714216709 149.02989536523819
leaf_count=6966 3647 597 4255 1148 587 735 625
internal_value=-0.00032587 0.0081151 -0.00032831 -0.0171128 0.0335449 0.0111752 0.0230471
internal_weight=1944.07 1642.21 1232.87 499.253 409.347 733.614 285.9
internal_count=18560 11594 9785 5403 1809 4382 1222
cat_boundaries=0 1 2
cat_threshold=12 28
is_linear=0
shrinkage=0.05


Tree=28
num_leaves=8
num_cat=2
split_feature=0 0 1 8 8 4 1
split_gain=282.944 129.437 88.0076 48.2384 39.5574 37.2276 34.4545
threshold=1.0000000180025095e-35 57.000000000000007 0 1.0000000180025095e-35 1.0000000180025095e-35 46.500000000000007 1
decision_type=2 2 1 2 2 2 1
left_child=-1 2 5 -4 6 -2 -3
right_child=1 4 3 -5 -6 -7 -8
leaf_value=-0.045877458826615175 0.0049970807578139619 0.039158127567734693 -0.027239884014278168 0.0067090420737701516 0.056260715675788033 0.032807203928296939 0.0037402022407499562
leaf_weight=289.3953590914607 584.86137197166681 135.26899836957455 341.30129989236593 150.89803650230169 120.67389850318432 151.51062159240246 149.11290988326073
leaf_count=6966 3647 597 4255 1148 587 735 625
internal_value=-0.000309583 0.00776272 -0.000318571 -0.0164967 0.032274 0.0105755 0.0220956
internal_weight=1923.02 1633.63 1228.57 492.199 405.056 736.372 284.382
internal_count=18560 11594 9785 5403 1809 4382 1222
cat_boundaries=0 1 2
cat_threshold=12 28
is_linear=0
shrinkage=0.05


Tree=29
num_leaves=8
num_cat=2
split_feature=0 0 1 8 8 2 1
split_gain=265.593 118.825 80.0518 44.9033 37.4832 35.1714 31.9821
threshold=1.0000000180025095e-35 57.000000000000007 0 1.0000000180025095e-35 1.0000000180025095e-35 3.5000000000000004 1
decision_type=2 2 1 2 2 2 1
left_child=-1 2 5 -4 6 -2 -3
right_child=1 4 3 -5 -6 -7 -8
leaf_value=-0.045501598141872213 0.00018678946731204545 0.037766903636385463 -0.026470599795893852 0.0063434871486864669 0.054745903821987532 0.022094011856781049 0.0035631487316810069
leaf_weight=277.49835904687643 402.99884164333344 133.64936402440071 333.85130203142762 151.59566072374582 117.88360729813576 335.93785317242146 149.19106639921665
leaf_count=6966 2385 597 4255 1148 587 1997 625
internal_value=-0.000293634 0.00742594 -0.000308815 -0.0158959 0.0310589 0.0100108 0.0211866
internal_weight=1902.61 1625.11 1224.38 485.447 400.724 738.937 282.84
internal_count=18560 11594 9785 5403 1809 4382 1222
cat_boundaries=0 1 2
cat_threshold=12 28
is_linear=0
shrinkage=0.05


Tree=30
num_leaves=8
num_cat=2
split_feature=0 0 1 4 8 1 6
split_gain=249.281 109.133 74.5845 46.3363 35.5463 29.7935 36.4831
threshold=1.0000000180025095e-35 57.000000000000007 0 46.500000000000007 1.0000000180025095e-35 1 3.5000000000000004
decision_type=2 2 1 2 2 1 2
left_child=-1 2 3 -2 5 -3 -7
right_child=1 4 -4 -5 -6 6 -8
leaf_value=-0.045120569404861151 0.0005834495682386407 0.041180442531162535 -0.029151482223861588 0.030381372701366323 0.053303088183694537 0.032383761267842412 -0.012515604854679447
leaf_weight=266.13788294792175 888.62810438126326 97.276595056056976 179.70047646760941 152.91373787820339 115.0921435803175 80.185041144490242 103.82335124909878
leaf_count=6966 6615 444 2435 735 587 342 436
internal_value=-0.000278379 0.00709926 -0.000299573 0.00491107 0.0298951 0.0203174 0.00668673
internal_weight=1883.76 1617.62 1221.24 1041.54 396.377 281.285 184.008
internal_count=18560 11594 9785 7350 1809 1222 778
cat_boundaries=0 1 2
cat_threshold=14 12
is_linear=0
shrinkage=0.05


Tree=31
num_leaves=8
num_cat=2
split_feature=0 0 5 1 0 4 1
split_gain=233.906 103.844 57.9619 41.8257 24.3421 30.5355 23.1039
threshold=1.0000000180025095e-35 42.000000000000007 32.500000000000007 0 57.000000000000007 51.500000000000007 1
decision_type=2 2 2 1 2 2 1
left_child=-1 3 6 -2 5 -4 -3
right_child=1 2 4 -5 -6 -7 -8
leaf_value=-0.04473384258230792 -0.0023562355853032173 -0.022666081324189791 0.013344513413993312 -0.036675296487343988 0.041068709213524845 0.059694866331826649 0.008531610477690868
leaf_weight=255.29195082932711 618.65246941894293 63.727740302681923 268.99540501832962 94.626180812716484 225.1607646048069 40.941874429583549 297.80005417019129
leaf_count=6966 5056 456 1561 1659 1072 178 1612
internal_value=-0.000269695 0.00678124 0.0181074 -0.00745634 0.0285568 0.0194673 0.00264132
internal_weight=1865.2 1609.9 896.626 713.279 535.098 309.937 361.528
internal_count=18560 11594 4879 6715 2811 1739 2068
cat_boundaries=0 1 2
cat_threshold=14 33
is_linear=0
shrinkage=0.05


Tree=32
num_leaves=8
num_cat=2
split_feature=0 0 5 1 1 0 4
split_gain=219.269 94.1842 52.7568 39.6549 23.0522 28.2633 23.0504
threshold=1.0000000180025095e-35 42.000000000000007 32.500000000000007 0 1 57.000000000000007 51.500000000000007
decision_type=2 2 2 1 1 2 2
left_child=-1 3 -3 -2 5 6 -4
right_child=1 2 4 -5 -6 -7 -8
leaf_value=-0.044340910860332455 -0.0022438650379141794 0.0024904221404133411 0.016679741008077259 -0.036080347238591957 0.0039531513268332248 0.049372578665230926 0.057746332800106728
leaf_weight=244.93928338587284 617.67863377183676 361.20626106858253 226.97404847294092 91.618867948651314 104.64155787229538 161.18566402792931 40.22549219429493
leaf_count=6966 5056 2068 1155 1659 671 807 178
internal_value=-0.000279179 0.00645125 0.0172434 -0.00715478 0.0272408 0.032088 0.0228621
internal_weight=1848.47 1603.53 894.233 709.298 533.027 428.385 267.2
internal_count=18560 11594 4879 6715 2811 2140 1333
cat_boundaries=0 1 2
cat_threshold=14 14
is_linear=0
shrinkage=0.05


Tree=33
num_leaves=8
num_cat=1
split_feature=0 0 7 8 8 1 6
split_gain=205.599 87.857 64.0502 51.0042 33.6115 26.2061 31.7488
threshold=1.0000000180025095e-35 57.000000000000007 1.0000000180025095e-35 1.0000000180025095e-35 1.0000000180025095e-35 0 3.5000000000000004
decision_type=2 2 2 2 2 1 2
left_child=-1 2 3 -2 5 -3 -7
right_child=1 4 -4 -5 -6 6 -8
leaf_value=-0.043941317730066626 -0.017539333536048557 0.037699307998998406 0.019846862643504406 0.0061686158677381163 0.050473104631130694 0.029231999463251543 -0.012805158709907916
leaf_weight=235.05922412127256 508.8202274478972 93.212194517254829 293.96886651217937 409.38780020177364 108.90705640614033 79.250252172350883 103.67496943473816
leaf_count=6966 5577 444 1576 2632 587 342 436
internal_value=-0.000281883 0.00614337 -0.000465816 -0.00696902 0.0269501 0.0176727 0.0051267
internal_weight=1832.28 1597.22 1212.18 918.208 385.044 276.137 182.925
internal_count=18560 11594 9785 8209 1809 1222 778
cat_boundaries=0 1
cat_threshold=12
is_linear=0
shrinkage=0.05


Tree=34
num_leaves=8
num_cat=3
split_feature=0 0 5 1 1 6 1
split_gain=192.96 82.675 47.6758 36.1184 20.271 27.1488 19.8356
threshold=1.0000000180025095e-35 42.000000000000007 32.500000000000007 0 1 2.5000000000000004 2
decision_type=2 2 2 1 1 2 1
left_child=-1 3 4 -2 5 -3 -4
right_child=1 2 6 -5 -6 -7 -8
leaf_value=-0.043534592918689184 -0.0022923412447982679 0.02626857431127514 0.030186347977576772 -0.035190997085549534 0.014474357006894867 -0.018989995471776124 0.0039088559085346912
leaf_weight=225.63189505040646 617.16792962700129 42.292145065963268 421.93595603853464 87.37006513774395 163.89364996552467 153.03701759129763 103.94461542367935
leaf_count=6966 5056 267 2140 1659 769 1032 671
internal_value=-0.000265129 0.00587649 0.0160498 -0.00690415 0.00200928 -0.00874312 0.0256407
internal_weight=1815.27 1589.64 885.103 704.538 359.223 195.329 525.881
internal_count=18560 11594 4879 6715 2068 1299 2811
cat_boundaries=0 1 2 3
cat_threshold=14 35 14
is_linear=0
shrinkage=0.05


Tree=35
num_leaves=8
num_cat=1
split_feature=0 0 7 8 8 5 1
split_gain=180.963 78.9776 56.3887 45.0416 31.0195 24.1081 22.9387
threshold=1.0000000180025095e-35 57.000000000000007 1.0000000180025095e-35 1.0000000180025095e-35 1.0000000180025095e-35 34.500000000000007 0
decision_type=2 2 2 2 2 2 1
left_child=-1 2 3 5 6 -2 -3
right_child=1 4 -4 -5 -6 -7 -8
leaf_value=-0.04312033325622594 -0.02880900032692298 0.035700647803736989 0.018342413807034812 0.0054550934119210175 0.04867386169787772 -0.0067766489275443379 0.0049382927752448088
leaf_weight=216.63800207152963 229.20249539613724 90.789637640118599 295.48893219232559 411.81496702879667 104.85894396901131 270.91689536347985 181.82913200557232
leaf_count=6966 3007 444 1576 2632 587 2570 778
internal_value=-0.000257881 0.00560093 -0.00063982 -0.00679053 0.025563 -0.016874 0.0166737
internal_weight=1801.54 1584.9 1207.42 911.934 377.478 500.119 272.619
internal_count=18560 11594 9785 8209 1809 5577 1222
cat_boundaries=0 1
cat_threshold=12
is_linear=0
shrinkage=0.05


Tree=36
num_leaves=8
num_cat=2
split_feature=0 0 1 5 8 7 1
split_gain=169.803 72.5475 51.8827 35.298 29.4078 24.5613 21.4697
threshold=1.0000000180025095e-35 57.000000000000007 0 33.500000000000007 1.0000000180025095e-35 11.950000000000001 1
decision_type=2 2 1 2 2 2 1
left_child=-1 2 3 -2 6 -5 -3
right_child=1 4 -4 5 -6 -7 -8
leaf_value=-0.042698159544420952 -0.0084844688394623072 0.034577463545645927 -0.026086350499353941 0.0040081930702305221 0.047465952137412747 0.024725960367048196 0.0047033298626298651
leaf_weight=208.05893876776099 382.95232327282429 89.412109449505806 161.72917838767171 449.52662777900696 102.21862874925137 209.83152969181538 181.86568628251553
leaf_count=6966 3145 444 2435 3152 587 1053 778
internal_value=-0.000241299 0.00535827 -0.00061365 0.00355497 0.02461 0.0106013 0.0159977
internal_weight=1785.6 1577.54 1204.04 1042.31 373.496 659.358 271.278
internal_count=18560 11594 9785 7350 1809 4205 1222
cat_boundaries=0 1 2
cat_threshold=14 12
is_linear=0
shrinkage=0.05


Tree=37
num_leaves=8
num_cat=2
split_feature=0 0 2 1 7 3 0
split_gain=159.253 70.1237 40.2021 30.8663 24.8181 18.0774 27.2484
threshold=1.0000000180025095e-35 42.000000000000007 3.5000000000000004 0 1.0000000180025095e-35 1 57.000000000000007
decision_type=2 2 2 1 2 1 2
left_child=-1 3 4 -2 5 6 -3
right_child=1 2 -4 -5 -6 -7 -8
leaf_value=-0.04226771320307119 -0.0025217071122408514 -0.0083699843250912929 0.026316126787146857 -0.033809679509390886 0.025449785201115585 -0.015426072175126405 0.026964753928448527
leaf_weight=199.87681235745549 617.47046839445829 122.22048748284578 397.11159376055002 81.31313319131732 110.99095641076565 142.7906761392951 98.55753356218338
leaf_count=6966 5056 801 2238 1659 514 852 474
internal_value=-0.000232086 0.00511792 0.0145778 -0.00668242 0.00475513 -0.00156257 0.0074038
internal_weight=1770.33 1570.45 871.671 698.784 474.56 363.569 220.778
internal_count=18560 11594 4879 6715 2641 2127 1275
cat_boundaries=0 1 2
cat_threshold=14 1
is_linear=0
shrinkage=0.05


Tree=38
num_leaves=8
num_cat=2
split_feature=0 0 5 1 4 0 1
split_gain=149.198 63.5701 37.1221 29.2354 18.1532 23.1973 16.4707
threshold=1.0000000180025095e-35 42.000000000000007 32.500000000000007 0 32.500000000000007 57.000000000000007 1
decision_type=2 2 2 1 2 2 1
left_child=-1 3 6 -2 5 -4 -3
right_child=1 2 4 -5 -6 -7 -8
leaf_value=-0.041828677977969971 -0.0024016802215862418 -0.020465058496540581 0.0085870750093561769 -0.033211614395500792 0.044156301658463591 0.031929724556944442 0.0063655111403757561
leaf_weight=192.07432691752911 616.43970043957233 60.651984214782715 254.22202586382627 78.880784966051579 80.798241943120956 183.08363245427608 291.73503563553095
leaf_count=6966 5056 456 1474 1659 404 933 1612
internal_value=-0.000238475 0.0048633 0.0138673 -0.00640911 0.0223827 0.0183598 0.00134738
internal_weight=1757.89 1565.81 870.491 695.32 518.104 437.306 352.387
internal_count=18560 11594 4879 6715 2811 2407 2068
cat_boundaries=0 1 2
cat_threshold=14 33
is_linear=0
shrinkage=0.05


Tree=39
num_leaves=8
num_cat=1
split_feature=0 0 4 8 8 1 6
split_gain=139.754 58.5226 43.9394 32.9063 28.0528 19.8716 25.5015
threshold=1.0000000180025095e-35 57.000000000000007 28.500000000000004 1.0000000180025095e-35 1.0000000180025095e-35 0 3.5000000000000004
decision_type=2 2 2 2 2 1 2
left_child=-1 2 3 -2 5 -3 -7
right_child=1 4 -4 -5 -6 6 -8
leaf_value=-0.04138076361623437 -0.014844510555195485 0.032042701846078173 0.013494435517465125 0.0058829793950744827 0.045198366993166983 0.024990355379359203 -0.012915087926573188
leaf_weight=184.63487420976162 518.22333277761936 86.105134636163712 373.60493583232164 303.69508528709412 97.018811643123627 77.784764811396599 103.29431380331516
leaf_count=6966 5628 444 2232 1925 587 342 436
internal_value=-0.000246801 0.00462249 -0.000723158 -0.0071858 0.02217 0.013808 0.00319142
internal_weight=1744.36 1559.73 1195.52 821.918 364.203 267.184 181.079
internal_count=18560 11594 9785 7553 1809 1222 778
cat_boundaries=0 1
cat_threshold=12
is_linear=0
shrinkage=0.05


Tree=40
num_leaves=8
num_cat=2
split_feature=0 0 2 1 7 1 6
split_gain=131.042 55.9376 33.9004 26.8012 21.1783 16.5658 15.5616
threshold=1.0000000180025095e-35 42.000000000000007 3.5000000000000004 0 1.0000000180025095e-35 1 2.5000000000000004
decision_type=2 2 2 1 2 1 2
left_child=-1 3 4 -2 6 -4 -3
right_child=1 2 5 -5 -6 -7 -8
leaf_value=-0.040923725547831906 -0.0023891635814918977 0.011945979719485763 0.029078443226020101 -0.032375263399751907 0.023099029258801786 0.0032355497354655885 -0.0098101016770408382
leaf_weight=177.54244285449386 615.63664039224386 127.67683977633715 300.01157786697149 75.655707735568285 109.11600743234158 94.300951577723026 230.71758884191513
leaf_count=6966 5056 767 1613 1659 514 625 1360
internal_value=-0.000230613 0.00442117 0.0129197 -0.00617376 0.0038124 0.0237175 -0.00205957
internal_weight=1730.66 1553.12 861.823 691.292 467.51 394.313 358.394
internal_count=18560 11594 4879 6715 2641 2238 2127
cat_boundaries=0 1 2
cat_threshold=14 14
is_linear=0
shrinkage=0.05


Tree=41
num_leaves=8
num_cat=0
split_feature=0 0 7 8 8 5 2
split_gain=122.753 52.4703 40.4399 33.651 26.1243 20.1917 19.412
threshold=1.0000000180025095e-35 57.000000000000007 1.0000000180025095e-35 1.0000000180025095e-35 1.0000000180025095e-35 33.500000000000007 3.5000000000000004
decision_type=2 2 2 2 2 2 2
left_child=-1 2 3 5 -3 -2 -4
right_child=1 4 6 -5 -6 -7 -8
leaf_value=-0.040457341329277308 -0.027245967083445691 0.012960006621740561 0.0062779895599790608 0.0042713656024776312 0.043703661620269965 -0.00644656585202314 0.033575181726125787
leaf_weight=170.78167023137212 200.92698848247528 264.29331712424755 199.99794743210077 415.83715022355318 93.560840144753456 278.3015067614615 96.58008386194706
leaf_count=6966 2793 1222 1088 2632 587 2784 488
internal_value=-0.000226269 0.0042079 -0.000834199 -0.00613625 0.0209979 -0.0151672 0.0151673
internal_weight=1720.28 1549.5 1191.64 895.066 357.854 479.228 296.578
internal_count=18560 11594 9785 8209 1809 5577 1576
is_linear=0
shrinkage=0.05


Tree=42
num_leaves=8
num_cat=1
split_feature=0 0 5 1 7 0 5
split_gain=114.986 49.0184 30.3652 24.3805 15.9059 19.79 13.3258
threshold=1.0000000180025095e-35 42.000000000000007 32.500000000000007 0 28.750000000000004 57.000000000000007 33.500000000000007
decision_type=2 2 2 1 2 2 2
left_child=-1 3 -3 6 5 -4 -2
right_child=1 2 4 -5 -6 -7 -8
leaf_value=-0.039981436769878753 -0.012422914830779119 0.00059805114471753922 0.007415229011253445 -0.031475028584047431 0.0416338694790594 0.029076222245970975 0.0030014768509078185
leaf_weight=164.33777760341763 215.82261519879103 347.38754272460938 260.03100453317165 72.398445598781109 71.516577512025833 177.3725276440382 398.7283376082778
leaf_count=6966 2136 2068 1498 1659 364 949 2920
internal_value=-0.000221098 0.00401289 0.0119943 -0.00593619 0.0197733 0.016199 -0.0023767
internal_weight=1707.59 1543.26 856.308 686.949 508.92 437.404 614.551
internal_count=18560 11594 4879 6715 2811 2447 5056
cat_boundaries=0 1
cat_threshold=14
is_linear=0
shrinkage=0.05


Tree=43
num_leaves=8
num_cat=2
split_feature=0 0 2 1 7 1 0
split_gain=107.631 44.5157 28.5687 23.0604 18.0107 15.057 14.0883
threshold=1.0000000180025095e-35 42.000000000000007 3.5000000000000004 0 1.0000000180025095e-35 1 57.000000000000007
decision_type=2 2 2 1 2 1 2
left_child=-1 3 4 -2 -3 6 -4
right_child=1 2 5 -5 -6 -7 -8
leaf_value=-0.039495879934192818 -0.0022632722463662427 -0.0024122002450320491 0.019723692114038634 -0.030877804530428429 0.020929257045535027 0.0021297729083089396 0.042837429505477254
leaf_weight=158.19657011702657 613.35150230303407 355.14281530678272 198.07835524529219 70.354529216885567 107.70931616425514 94.34284208714962 98.81449219584465
leaf_count=6966 5056 2127 1026 1659 514 625 587
internal_value=-0.000224339 0.00381562 0.011427 -0.00569248 0.00301954 0.0213734 0.0265232
internal_weight=1695.99 1537.79 854.088 683.706 462.852 391.236 296.893
internal_count=18560 11594 4879 6715 2641 2238 1613
cat_boundaries=0 1 2
cat_threshold=14 14
is_linear=0
shrinkage=0.05


Tree=44
num_leaves=8
num_cat=1
split_feature=0 0 7 8 8 5 1
split_gain=100.716 42.2437 33.8653 29.4565 24.7985 18.0397 17.4038
threshold=1.0000000180025095e-35 57.000000000000007 1.0000000180025095e-35 1.0000000180025095e-35 1.0000000180025095e-35 33.500000000000007 0
decision_type=2 2 2 2 2 2 1
left_child=-1 2 3 5 6 -2 -3
right_child=1 4 -4 -5 -6 -7 -8
leaf_value=-0.039000568470299937 -0.026059303845171789 0.028701234224587563 0.013737974197005565 0.0038920318672812774 0.041708377634174301 -0.0061555700083187085 0.001470919716775808
leaf_weight=152.34444977715611 193.79888506233692 81.592358142137527 296.52198038250208 416.91703835129738 88.798190891742706 275.92647579684854 179.80110439658165
leaf_count=6966 2793 444 1576 2632 587 2784 778
internal_value=-0.000226837 0.00362547 -0.000889549 -0.00578147 0.01888 -0.0143674 0.011125
internal_weight=1685.7 1533.36 1183.16 886.642 350.192 469.725 261.393
internal_count=18560 11594 9785 8209 1809 5577 1222
cat_boundaries=0 1
cat_threshold=12
is_linear=0
shrinkage=0.05


Tree=45
num_leaves=8
num_cat=1
split_feature=0 0 2 1 7 6 0
split_gain=94.3165 39.1365 25.721 20.9676 15.0971 13.8314 14.7218
threshold=1.0000000180025095e-35 42.000000000000007 3.5000000000000004 0 1.0000000180025095e-35 2.5000000000000004 57.000000000000007
decision_type=2 2 2 1 2 2 2
left_child=-1 3 4 -2 5 6 -3
right_child=1 2 -4 -5 -6 -7 -8
leaf_value=-0.038495442829067639 -0.0022412117789550948 -0.004628812539942127 0.020118572260670195 -0.029981512090440088 0.019093846086666841 -0.0097403863893830451 0.029741923249368026
leaf_weight=146.76836354658008 612.32623685151339 68.787054911255836 387.91853911429644 67.444459177553654 106.86037234961987 226.60723329335451 56.946722775697708
leaf_count=6966 5056 484 2238 1659 514 1360 283
internal_value=-0.000211379 0.00346858 0.0106393 -0.00546753 0.0026316 -0.00236118 0.0109382
internal_weight=1673.66 1526.89 847.12 679.771 459.201 352.341 125.734
internal_count=18560 11594 4879 6715 2641 2127 767
cat_boundaries=0 1
cat_threshold=14
is_linear=0
shrinkage=0.05


Tree=46
num_leaves=8
num_cat=2
split_feature=0 0 1 8 5 1 6
split_gain=88.1923 36.7819 30.5412 23.423 21.862 16.4484 20.6443
threshold=1.0000000180025095e-35 57.000000000000007 0 1.0000000180025095e-35 33.500000000000007 1 3.5000000000000004
decision_type=2 2 1 2 2 1 2
left_child=-1 2 4 5 -2 -3 -7
right_child=1 3 -4 -5 -6 6 -8
leaf_value=-0.037980493240556447 -0.007528145511952267 0.027445211837349805 -0.021924286186846734 0.040314426315866687 0.0075963781786752629 0.020683359756851052 -0.013646880241500481
leaf_weight=141.45577739551663 373.19576192647219 79.925421103835106 140.9585407115519 85.696866519749165 664.09759314358234 76.081250980496407 103.18003079295158
leaf_count=6966 3145 444 2435 587 4205 342 436
internal_value=-0.000215417 0.00329188 -0.000911854 0.0176534 0.00213433 0.0101608 0.000874613
internal_weight=1664.59 1523.14 1178.25 344.884 1037.29 259.187 179.261
internal_count=18560 11594 9785 1809 7350 1222 778
cat_boundaries=0 1 2
cat_threshold=14 12
is_linear=0
shrinkage=0.05


Tree=47
num_leaves=8
num_cat=0
split_feature=0 0 2 8 4 7 6
split_gain=82.5036 34.3629 22.7398 18.7621 24.7993 13.367 12.329
threshold=1.0000000180025095e-35 42.000000000000007 3.5000000000000004 1.0000000180025095e-35 28.500000000000004 1.0000000180025095e-35 2.5000000000000004
decision_type=2 2 2 2 2 2 2
left_child=-1 3 5 4 -2 6 -3
right_child=1 2 -4 -5 -6 -7 -8
leaf_value=-0.037455747636539354 -0.02151338272234847 0.010255080387340413 0.018809847968242203 0.0030408239359348607 0.0096995919529198633 0.017865089544489336 -0.0093958176485664131
leaf_weight=136.39470225200057 251.43373260647058 123.77226062864065 386.32116778939962 339.81759482622147 85.200775071978569 105.9199515581131 224.76363959163427
leaf_count=6966 3832 767 2238 2213 670 514 1360
internal_value=-0.000206727 0.00314186 0.00989129 -0.00524716 -0.0136135 0.00230985 -0.00241738
internal_weight=1653.62 1517.23 840.777 676.452 336.635 454.456 348.536
internal_count=18560 11594 4879 6715 4502 2641 2127
is_linear=0
shrinkage=0.05


Tree=48
num_leaves=8
num_cat=1
split_feature=0 0 7 8 1 6 2
split_gain=77.1285 32.7297 27.852 23.6805 22.0738 29.1502 15.7857
threshold=1.0000000180025095e-35 57.000000000000007 1.0000000180025095e-35 1.0000000180025095e-35 0 2.5000000000000004 3.5000000000000004
decision_type=2 2 2 2 1 2 2
left_child=-1 2 3 -2 -3 -6 -4
right_child=1 4 6 -5 5 -7 -8
leaf_value=-0.036921282107504415 -0.013310303940509003 0.032164253019061721 0.004229717782425221 0.0031345191487336579 0.03073348422141069 -0.0080216255900043588 0.028797832127675161
leaf_weight=131.57364210113883 457.67333507165313 127.95709656178951 199.74418095499277 419.62953506410122 75.319309711456299 136.36767008900642 97.198207050561905
leaf_count=6966 5577 817 1088 2632 407 585 488
internal_value=-0.000201841 0.00298948 -0.000964428 -0.00544445 0.0166593 0.00550747 0.0122716
internal_weight=1645.46 1513.89 1174.25 877.303 339.644 211.687 296.942
internal_count=18560 11594 9785 8209 1809 992 1576
cat_boundaries=0 1
cat_threshold=12
is_linear=0
shrinkage=0.05


Tree=49
num_leaves=8
num_cat=2
split_feature=0 0 1 6 0 1 4
split_gain=72.1348 30.2137 20.703 25.4776 19.9954 17.5041 12.9408
threshold=1.0000000180025095e-35 42.000000000000007 0 2.5000000000000004 57.000000000000007 1 42.500000000000007
decision_type=2 2 1 2 2 1 2
left_child=-1 5 4 -4 6 -2 -3
right_child=1 2 3 -5 -6 -7 -8
leaf_value=-0.036377221349107251 -0.0021496867835208394 0.0052946190668331731 0.016019962674712836 -0.0098791474709338366 0.033721684789190097 -0.028276555352950251 0.031262416388831309
leaf_weight=126.98158100992441 609.84371475875378 257.28899942338467 160.02917162328959 233.52610129117966 125.54083462059498 62.39766264334321 58.973802611231804
leaf_count=6966 5056 1081 1085 1608 817 1659 288
internal_value=-0.000185296 0.00286306 0.00921278 0.000635904 0.0164659 -0.0050274 0.0101369
internal_weight=1634.58 1507.6 835.359 393.555 441.804 672.241 316.263
internal_count=18560 11594 4879 2693 2186 6715 1369
cat_boundaries=0 1 2
cat_threshold=12 14
is_linear=0
shrinkage=0.05


Tree=50
num_leaves=8
num_cat=2
split_feature=0 0 1 8 5 7 1
split_gain=67.3633 28.3762 24.8613 21.0211 18.2119 13.9006 12.6166
threshold=1.0000000180025095e-35 57.000000000000007 0 1.0000000180025095e-35 33.500000000000007 28.750000000000004 1
decision_type=2 2 1 2 2 2 1
left_child=-1 2 4 6 -2 -6 -3
right_child=1 3 -4 -5 5 -7 -8
leaf_value=-0.035823720669952042 -0.0071264296053423926 0.024136594948910337 -0.020373896524356453 0.037908531186677759 0.0028479922441807656 0.02021442073189102 0.00046976695612776235
leaf_weight=122.60800907760859 369.37866584211588 75.574256002902985 134.46985705196857 80.171916492283344 516.86314894258976 148.28395664691925 177.07645530998707
leaf_count=6966 3145 444 2435 587 3465 740 778
internal_value=-0.000188368 0.00272089 -0.000946341 0.0156016 0.00175883 0.00671956 0.00852305
internal_weight=1624.43 1501.82 1169 332.823 1034.53 665.147 252.651
internal_count=18560 11594 9785 1809 7350 4205 1222
cat_boundaries=0 1 2
cat_threshold=14 12
is_linear=0
shrinkage=0.05


Tree=51
num_leaves=8
num_cat=1
split_feature=0 0 2 1 7 7 0
split_gain=62.9192 26.7316 20.5079 15.599 10.9461 10.4248 9.82481
threshold=1.0000000180025095e-35 42.000000000000007 3.5000000000000004 0 33.400000000000006 11.950000000000001 57.000000000000007
decision_type=2 2 2 1 2 2 2
left_child=-1 3 4 -2 -3 6 -4
right_child=1 2 5 -5 -6 -7 -8
leaf_value=-0.035260998701657463 -0.0021572359298647707 -0.0012736050357968715 0.0072482606380425973 -0.027258469881306559 0.024840192764252655 0.039203837378542793 0.024875095645949918
leaf_weight=118.44281863421202 609.35235799849033 401.79699466377497 205.49187021702528 59.656500525772572 44.581509649753571 46.897437185049057 128.47774284332991
leaf_count=6966 5056 2398 1254 1659 243 256 728
internal_value=-0.000180612 0.00259634 0.00860639 -0.00483524 0.00133448 0.0171291 0.0140293
internal_weight=1614.7 1496.25 827.246 669.009 446.379 380.867 333.97
internal_count=18560 11594 4879 6715 2641 2238 1982
cat_boundaries=0 1
cat_threshold=14
is_linear=0
shrinkage=0.05


Tree=52
num_leaves=8
num_cat=1
split_feature=0 1 0 6 0 2 5
split_gain=58.7026 25.3816 30.4211 23.5002 21.696 19.2243 12.1591
threshold=1.0000000180025095e-35 0 57.000000000000007 3.5000000000000004 57.000000000000007 3.5000000000000004 27.500000000000004
decision_type=2 1 2 2 2 2 2
left_child=-1 2 5 4 -3 -2 -5
right_child=1 3 -4 6 -6 -7 -8
leaf_value=-0.034689308952554357 -0.0031556465769228431 -0.0048399100555132808 0.031462785015861576 -0.030514411861541781 0.021740992428532249 0.012975233851169016 -0.0079360088046026931
leaf_weight=114.47639506682754 399.36023340374231 277.94062581658363 119.73137012124062 101.89199443534017 106.06270937621593 343.63073301315308 143.75766556337476
leaf_count=6966 2385 2968 817 1260 556 1997 1611
internal_value=-0.000183533 0.00246332 0.00798138 -0.00514237 0.0025018 0.00430483 -0.0173012
internal_weight=1606.85 1492.38 862.722 629.653 384.003 742.991 245.65
internal_count=18560 11594 5199 6395 3524 4382 2871
cat_boundaries=0 1
cat_threshold=12
is_linear=0
shrinkage=0.05


Tree=53
num_leaves=8
num_cat=1
split_feature=0 0 2 8 4 3 4
split_gain=54.777 23.4373 17.6305 14.5002 19.4505 10.1519 9.85084
threshold=1.0000000180025095e-35 42.000000000000007 3.5000000000000004 1.0000000180025095e-35 28.500000000000004 0 37.500000000000007
decision_type=2 2 2 2 2 1 2
left_child=-1 3 6 4 -2 -5 -3
right_child=1 2 -4 5 -6 -7 -8
leaf_value=-0.034108965838857731 -0.01954292232422743 -0.001392973056407119 0.015933439010871863 -0.02184915674852091 0.0081568163014061647 0.0056228885212987224 0.022415070411645911
leaf_weight=110.69950004294515 238.49076548963785 393.99265760928392 378.06415289640427 37.820437029004097 86.310777917504311 303.37613788247108 48.832621842622757
leaf_count=6966 3832 2363 2238 270 670 1943 278
internal_value=-0.000177454 0.00234876 0.00800306 -0.00462055 -0.0121822 0.00257771 0.00123246
internal_weight=1597.59 1486.89 820.889 665.998 324.802 341.197 442.825
internal_count=18560 11594 4879 6715 4502 2213 2641
cat_boundaries=0 1
cat_threshold=2
is_linear=0
shrinkage=0.05


Tree=54
num_leaves=8
num_cat=1
split_feature=0 1 0 6 0 2 5
split_gain=51.0809 22.3928 27.999 21.3051 18.968 16.2795 14.236
threshold=1.0000000180025095e-35 0 57.000000000000007 2.5000000000000004 57.000000000000007 3.5000000000000004 27.500000000000004
decision_type=2 1 2 2 2 2 2
left_child=-1 2 5 4 -3 -2 -5
right_child=1 3 -4 6 -6 -7 -8
leaf_value=-0.033520306376421172 -0.002969319718753422 -0.0024294122179115011 0.030265663862015096 -0.027768023117790804 0.027412656617286431 0.011866088275475792 -0.0061942799029783557
leaf_weight=107.10331043601036 397.77874308824539 206.19475674256682 116.75202775746584 114.12991070374846 71.786298632621765 345.56535345315933 231.72116443887353
leaf_count=6966 2385 2144 817 1455 407 1997 2389
internal_value=-0.000172698 0.00223418 0.00741637 -0.00495019 0.00527705 0.00392736 -0.0133136
internal_weight=1591.03 1483.93 860.096 623.832 277.981 743.344 345.851
internal_count=18560 11594 5199 6395 2551 4382 3844
cat_boundaries=0 1
cat_threshold=12
is_linear=0
shrinkage=0.05


Tree=55
num_leaves=8
num_cat=1
split_feature=0 0 4 2 1 0 5
split_gain=47.6206 20.5668 16.7562 13.8694 13.3535 8.51052 7.44332
threshold=1.0000000180025095e-35 42.000000000000007 51.500000000000007 3.5000000000000004 0 57.000000000000007 33.500000000000007
decision_type=2 2 2 2 1 2 2
left_child=-1 4 3 -3 6 -5 -2
right_child=1 2 -4 5 -6 -7 -8
leaf_value=-0.032923731169432917 -0.0097749742002443633 -0.0003301564893827475 0.037987747069365779 0.0071624254045700711 -0.025782262093328581 0.02331092593254153 0.0019373455272678607
leaf_weight=103.67941832542419 204.78759440034628 423.12552914768457 42.558868177235126 221.18557936698198 55.993576172739267 129.27470989525318 401.8020910769701
leaf_count=6966 2136 2541 267 1310 1659 761 2920
internal_value=-0.000166572 0.00213016 0.00744323 0.00576283 -0.00441428 0.0131191 -0.00198408
internal_weight=1582.41 1478.73 816.145 773.586 662.583 350.46 606.59
internal_count=18560 11594 4879 4612 6715 2071 5056
cat_boundaries=0 1
cat_threshold=14
is_linear=0
shrinkage=0.05


Tree=56
num_leaves=8
num_cat=2
split_feature=0 1 0 4 4 6 1
split_gain=44.3474 20.2142 22.9721 13.3067 13.296 9.22443 14.1854
threshold=1.0000000180025095e-35 0 57.000000000000007 46.500000000000007 12.000000000000002 2.5000000000000004 1
decision_type=2 1 2 2 2 2 1
left_child=-1 2 3 -2 -4 -6 -7
right_child=1 -3 4 -5 5 6 -8
leaf_value=-0.032319678101264106 -0.00097416053835004321 -0.011574837917778379 -0.0015307593777980476 0.015171355319704087 0.047113696852909663 0.030745193156666663 -0.0040013193435122418
leaf_weight=100.41975963301957 879.88873818144202 222.24792167171836 58.109341405332088 149.26558062434196 40.188943557441235 77.424988843500614 47.964068397879601
leaf_count=6966 6615 2872 311 735 280 571 210
internal_value=-0.000168767 0.00201997 0.00448819 0.00136754 0.0190465 0.0262681 0.0195868
internal_weight=1575.51 1475.09 1252.84 1029.15 223.687 165.578 125.389
internal_count=18560 11594 8722 7350 1372 1061 781
cat_boundaries=0 1 2
cat_threshold=14 12
is_linear=0
shrinkage=0.05


Tree=57
num_leaves=8
num_cat=1
split_feature=0 1 0 6 0 2 5
split_gain=41.3164 18.6744 23.7115 18.9068 16.4556 14.0761 10.0177
threshold=1.0000000180025095e-35 0 57.000000000000007 3.5000000000000004 57.000000000000007 3.5000000000000004 27.500000000000004
decision_type=2 1 2 2 2 2 2
left_child=-1 2 5 4 -3 -2 -5
right_child=1 3 -4 6 -6 -7 -8
leaf_value=-0.031708629384795434 -0.0029168893759549744 -0.0041884833089901779 0.028220760512010702 -0.028182411770455291 0.019247203186961513 0.010874091359270033 -0.0073071572337930039
leaf_weight=97.316653048619628 396.54027892649174 274.58121186494827 111.7438724860549 96.750777825713158 103.00054253637791 346.88183669745922 141.55350613966584
leaf_count=6966 2385 2968 817 1260 556 1997 1611
internal_value=-0.000156564 0.00193075 0.00666792 -0.00467918 0.00220454 0.003518 -0.0157824
internal_weight=1568.37 1471.05 855.166 615.886 377.582 743.422 238.304
internal_count=18560 11594 5199 6395 3524 4382 2871
cat_boundaries=0 1
cat_threshold=12
is_linear=0
shrinkage=0.05


Tree=58
num_leaves=8
num_cat=1
split_feature=0 0 4 2 8 4 3
split_gain=38.4586 17.8222 14.7755 12.1405 11.7646 15.7326 9.18876
threshold=1.0000000180025095e-35 42.000000000000007 51.500000000000007 3.5000000000000004 1.0000000180025095e-35 28.500000000000004 0
decision_type=2 2 2 2 2 2 1
left_child=-1 4 3 -3 5 -2 -6
right_child=1 2 -4 -5 6 -7 -8
leaf_value=-0.031091109161541525 -0.018068289804579092 -0.00047109156948219836 0.036119097376260768 0.012174459590238725 -0.02123045460501434 0.0068578522463846013 0.0050381259901592307
leaf_weight=94.362735154107213 229.65012924559414 418.70811156928539 40.862184159457684 347.17871301621199 37.370734736323357 87.394634261727333 304.92682264745235
leaf_count=6966 3832 2541 267 2071 270 670 1943
internal_value=-0.000151018 0.00184039 0.00682414 0.00526117 -0.00425755 -0.0111973 0.00217022
internal_weight=1560.45 1466.09 806.749 765.887 659.342 317.045 342.298
internal_count=18560 11594 4879 4612 6715 4502 2213
cat_boundaries=0 1
cat_threshold=2
is_linear=0
shrinkage=0.05


Tree=59
num_leaves=8
num_cat=2
split_feature=0 1 0 6 1 7 5
split_gain=35.7751 17.3796 19.286 12.5087 15.8195 11.5465 10.8311
threshold=1.0000000180025095e-35 0 57.000000000000007 2.5000000000000004 1 1.0000000180025095e-35 37.500000000000007
decision_type=2 1 2 2 1 2 2
left_child=-1 2 5 -4 -5 6 -2
right_child=1 -3 3 4 -6 -7 -8
leaf_value=-0.030467674351760534 -0.0076674369531936825 -0.010947783139862241 0.037746715144437115 0.021768740562860482 -0.0091171531558502349 0.0095672765057657396 0.0045572475527181468
leaf_weight=91.551005836576223 401.91546986997128 218.99536881968379 56.880038730800152 97.8042246773839 62.926159411668777 294.55466467887163 329.92756202071905
leaf_count=6966 3506 2872 376 722 274 1576 2268
internal_value=-0.000146302 0.00175113 0.00404216 0.0175953 0.010464 0.0012081 -0.00215634
internal_weight=1554.55 1463 1244.01 217.61 160.73 1026.4 731.843
internal_count=18560 11594 8722 1372 996 7350 5774
cat_boundaries=0 1 2
cat_threshold=14 12
is_linear=0
shrinkage=0.05


Tree=60
num_leaves=8
num_cat=2
split_feature=0 0 4 2 1 0 1
split_gain=33.2666 15.8537 13.4214 10.9751 10.9489 7.107 6.30898
threshold=1.0000000180025095e-35 42.000000000000007 51.500000000000007 3.5000000000000004 0 57.000000000000007 1
decision_type=2 2 2 2 1 2 1
left_child=-1 4 3 -3 -2 -5 -7
right_child=1 2 -4 5 -6 6 -8
leaf_value=-0.029838926823056833 -0.0019367293949301171 -0.00056024629031003494 0.03473582522153839 0.0061205032881788716 -0.024082718722087823 0.00077100289906056028 0.027464348192006501
leaf_weight=88.874756924808025 604.1366679109633 416.54173055291176 39.67562548071146 221.88551314920187 52.193576101213694 40.501190558075905 83.97550705820322
leaf_count=6966 5056 2541 267 1310 1659 167 594
internal_value=-0.000139794 0.00166944 0.00638287 0.00490835 -0.00409429 0.011485 0.0210474
internal_weight=1547.78 1458.91 802.58 762.904 656.33 346.362 124.477
internal_count=18560 11594 4879 4612 6715 2071 761
cat_boundaries=0 1 2
cat_threshold=14 33
is_linear=0
shrinkage=0.05


Tree=61
num_leaves=8
num_cat=1
split_feature=0 1 0 4 7 5 2
split_gain=30.9165 15.3079 16.8866 12.0554 10.2111 9.64833 8.49235
threshold=1.0000000180025095e-35 0 57.000000000000007 12.000000000000002 1.0000000180025095e-35 37.500000000000007 3.5000000000000004
decision_type=2 1 2 2 2 2 2
left_child=-1 2 4 -4 5 -2 -6
right_child=1 -3 3 -5 6 -7 -8
leaf_value=-0.029205492304973074 -0.0072899178831747754 -0.010391836029109751 -0.0032061585910123551 0.023692671258712845 0.0030037196580587557 0.0042550148922397045 0.021056946290202789
leaf_weight=86.327598139643669 399.76923584192991 216.67888145335019 56.694611981511116 157.0089301019907 197.29695585370064 330.65519191324711 97.250902205705643
leaf_count=6966 3506 2872 311 1061 1088 2268 488
internal_value=-0.000133342 0.00159114 0.00374099 0.0165565 0.00110548 -0.00206365 0.00896436
internal_weight=1541.68 1455.35 1238.68 213.704 1024.97 730.424 294.548
internal_count=18560 11594 8722 1372 7350 5774 1576
cat_boundaries=0 1
cat_threshold=14
is_linear=0
shrinkage=0.05


Tree=62
num_leaves=8
num_cat=1
split_feature=0 0 4 8 5 2 3
split_gain=28.7069 14.2287 12.0286 10.431 13.2304 9.86857 8.38119
threshold=1.0000000180025095e-35 42.000000000000007 51.500000000000007 1.0000000180025095e-35 34.500000000000007 3.5000000000000004 0
decision_type=2 2 2 2 2 2 1
left_child=-1 3 5 4 -2 -3 -5
right_child=1 2 -4 6 -6 -7 -8
leaf_value=-0.028568037319551143 -0.02213033701214049 -0.00058016281394170294 0.033276766423561151 -0.02045838760564004 -0.0013956282263046188 0.010867930689620074 0.0047905151229537118
leaf_weight=83.903424656018615 137.98604188300669 415.12289398908615 38.448597639799118 36.831696033477783 173.88177625089884 344.44220712780952 305.33592610061169
leaf_count=6966 2428 2541 267 270 2074 2071 1943
internal_value=-0.000131598 0.00151154 0.00599235 -0.00395568 -0.0105697 0.00461124 0.00207267
internal_weight=1535.95 1452.05 798.014 654.035 311.868 759.565 342.168
internal_count=18560 11594 4879 6715 4502 4612 2213
cat_boundaries=0 1
cat_threshold=2
is_linear=0
shrinkage=0.05


Tree=63
num_leaves=8
num_cat=2
split_feature=0 1 0 6 1 7 5
split_gain=26.6444 13.9367 15.0892 12.054 14.7166 9.19272 8.3185
threshold=1.0000000180025095e-35 0 57.000000000000007 2.5000000000000004 1 1.0000000180025095e-35 37.500000000000007
decision_type=2 1 2 2 1 2 2
left_child=-1 2 5 -4 -5 6 -2
right_child=1 -3 3 4 -6 -7 -8
leaf_value=-0.027927246750397563 -0.0068857152156454439 -0.010031152399475565 0.035892856553105139 0.019928282688488976 -0.0099153999047947704 0.008471097015867575 0.0038417649415529924
leaf_weight=81.596417102962732 397.13550048321486 215.29647729732096 54.682373993098736 94.02049720287323 62.696923986077309 293.8960445523262 331.60899072140455
leaf_count=6966 3506 2872 376 722 274 1576 2268
internal_value=-0.000127298 0.00143781 0.00349174 0.0156804 0.00862783 0.00100624 -0.00200427
internal_weight=1530.93 1449.34 1234.04 211.4 156.717 1022.64 728.744
internal_count=18560 11594 8722 1372 996 7350 5774
cat_boundaries=0 1 2
cat_threshold=14 12
is_linear=0
shrinkage=0.05


Tree=64
num_leaves=8
num_cat=2
split_feature=0 1 0 6 1 7 0
split_gain=24.719 12.6813 13.8803 11.2067 13.5911 8.28043 7.69743
threshold=1.0000000180025095e-35 0 57.000000000000007 2.5000000000000004 1 1.0000000180025095e-35 42.000000000000007
decision_type=2 1 2 2 1 2 2
left_child=-1 2 5 -4 -5 -2 -3
right_child=1 6 3 4 -6 -7 -8
leaf_value=-0.027283841987402004 -0.0019072618436854047 -0.027341462559431474 0.034814226233541558 0.019262983759830554 -0.0094906564271579133 0.0080286802685506954 -0.0048525729624359073
leaf_weight=79.401015613228083 727.70372503250837 49.474537543952465 53.586007490754128 92.781805090606213 62.675805479288101 294.56872697919607 164.76981020718813
leaf_count=6966 5774 1659 376 722 274 1576 1213
internal_value=-0.000121874 0.00137006 0.00332935 0.0150959 0.008299 0.000955789 -0.00959785
internal_weight=1524.96 1445.56 1231.32 209.044 155.458 1022.27 214.244
internal_count=18560 11594 8722 1372 996 7350 2872
cat_boundaries=0 1 2
cat_threshold=14 12
is_linear=0
shrinkage=0.05


Tree=65
num_leaves=8
num_cat=1
split_feature=0 0 4 8 5 2 3
split_gain=22.9246 12.1808 10.6921 9.25216 12.0813 9.19312 7.5502
threshold=1.0000000180025095e-35 42.000000000000007 51.500000000000007 1.0000000180025095e-35 34.500000000000007 3.5000000000000004 0
decision_type=2 2 2 2 2 2 1
left_child=-1 3 5 4 -2 -3 -5
right_child=1 2 -4 6 -6 -7 -8
leaf_value=-0.026638553781279363 -0.021285632720219674 -0.00085032852251988524 0.031674030733114297 -0.019667964156332204 -0.0013201053585878576 0.010236974734933374 0.0044515407022894518
leaf_weight=77.311919823288918 134.63615522906184 411.58642834424973 37.117820538580418 36.293086409568787 173.29222354106605 342.57331266999245 306.09505504369736
leaf_count=6966 2428 2541 267 270 2074 2071 1943
internal_value=-0.000113682 0.00130883 0.00547545 -0.00376093 -0.0100497 0.00418602 0.00189488
internal_weight=1518.91 1441.59 791.278 650.317 307.928 754.16 342.388
internal_count=18560 11594 4879 6715 4502 4612 2213
cat_boundaries=0 1
cat_threshold=2
is_linear=0
shrinkage=0.05


Tree=66
num_leaves=8
num_cat=2
split_feature=0 1 0 4 6 1 7
split_gain=21.24 11.5478 12.5037 11.2625 7.79239 10.5933 7.45911
threshold=1.0000000180025095e-35 0 57.000000000000007 12.000000000000002 2.5000000000000004 1 1.0000000180025095e-35
decision_type=2 1 2 2 2 1 2
left_child=-1 2 6 -4 -5 -6 -2
right_child=1 -3 3 4 5 -7 -8
leaf_value=-0.025992132753753835 -0.0018486432741942772 -0.0092654637237921372 -0.0048880548284502582 0.042150319095619032 0.025817254025578426 -0.0044784094520234317 0.0075901253951859635
leaf_weight=75.32407589815557 726.30779533833265 212.45120115205646 55.484768711030483 34.955997191369534 68.196551010012627 47.559174880385399 294.05651744455099
leaf_count=6966 5774 2872 311 280 571 210 1576
internal_value=-0.000109926 0.00124486 0.00311548 0.014371 0.0214612 0.0152135 0.000871494
internal_weight=1514.34 1439.01 1226.56 206.196 150.712 115.756 1020.36
internal_count=18560 11594 8722 1372 1061 781 7350
cat_boundaries=0 1 2
cat_threshold=14 12
is_linear=0
shrinkage=0.05


Tree=67
num_leaves=8
num_cat=0
split_feature=0 2 8 0 7 0 7
split_gain=19.6766 11.1369 13.017 9.99513 10.6702 8.75596 6.3631
threshold=1.0000000180025095e-35 3.5000000000000004 1.0000000180025095e-35 57.000000000000007 11.950000000000001 42.000000000000007 1.0000000180025095e-35
decision_type=2 2 2 2 2 2 2
left_child=-1 2 5 4 -3 6 -2
right_child=1 3 -4 -5 -6 -7 -8
leaf_value=-0.025345340435052072 -0.024062456860807827 -0.00017545369312061654 0.0058965189646400422 0.018559264249844165 0.018006539186022824 -0.0028740699730107973 -0.0040957659071682549
leaf_weight=73.43265706859529 111.65408570878208 471.86257523484528 261.93132273852825 124.77962927520275 97.336806997656822 306.17709638178349 62.092309787869453
leaf_count=6966 2232 4058 1601 823 488 1927 465
internal_value=-0.000100663 0.00119042 -0.00306863 0.0057433 0.00293379 -0.00796161 -0.0169269
internal_weight=1509.27 1435.83 741.855 693.979 569.199 479.923 173.746
internal_count=18560 11594 6225 5369 4546 4624 2697
is_linear=0
shrinkage=0.05


Tree=68
num_leaves=8
num_cat=2
split_feature=0 1 0 5 6 4 1
split_gain=18.2087 10.5172 11.1022 10.3875 11.9918 7.31019 7.023
threshold=1.0000000180025095e-35 0 57.000000000000007 39.500000000000007 2.5000000000000004 12.000000000000002 1
decision_type=2 1 2 2 2 2 1
left_child=-1 2 -2 4 -4 -6 -7
right_child=1 -3 3 -5 5 6 -8
leaf_value=-0.024698954618161597 0.00081392258106709582 -0.008935323336179541 0.032551570187039365 0.035879837452763456 -0.018650008886822531 0.019424506609930618 -0.0068567219197447019
leaf_weight=71.633063631132245 1018.8735807202756 210.87248921766877 37.736501961946487 41.642436049878597 35.917596250772476 45.343550525605679 42.624204516410828
leaf_count=6966 7350 2872 251 376 190 376 179
internal_value=-9.7505e-05 0.00113227 0.0029186 0.013612 0.00787462 0.000357816 0.00811879
internal_weight=1504.64 1433.01 1222.14 203.264 161.622 123.885 87.9678
internal_count=18560 11594 8722 1372 996 745 555
cat_boundaries=0 1 2
cat_threshold=14 12
is_linear=0
shrinkage=0.05


Tree=69
num_leaves=8
num_cat=0
split_feature=0 5 6 7 0 6 0
split_gain=16.8445 10.2753 11.0015 9.09902 8.67813 8.65059 8.26237
threshold=1.0000000180025095e-35 33.500000000000007 3.5000000000000004 1.0000000180025095e-35 57.000000000000007 16.500000000000004 42.000000000000007
decision_type=2 2 2 2 2 2 2
left_child=-1 2 4 5 -2 -4 -3
right_child=1 6 3 -5 -6 -7 -8
leaf_value=-0.024053748405002844 -0.0017468816475596878 -0.00052244915865459058 -0.023329530138180243 0.0014413174039280719 0.020107999029226765 0.00059797583786390255 0.0091670834838311899
leaf_weight=69.920922948047519 194.57002690806985 430.523800579831 144.92770357616246 99.999995201826096 59.25551475584507 51.089844472706318 449.93686394393444
leaf_count=6966 1882 3792 1869 608 332 386 2725
internal_value=-9.13012e-05 0.00108011 -0.00428267 -0.0108318 0.00335514 -0.0170931 0.00442914
internal_weight=1500.22 1430.3 549.843 296.018 253.826 196.018 880.461
internal_count=18560 11594 5077 2863 2214 2255 6517
is_linear=0
shrinkage=0.05


Tree=70
num_leaves=8
num_cat=1
split_feature=0 8 0 7 0 3 5
split_gain=15.5691 9.66647 13.5193 12.0431 10.4161 8.31205 6.01573
threshold=1.0000000180025095e-35 1.0000000180025095e-35 57.000000000000007 28.750000000000004 42.000000000000007 0 34.500000000000007
decision_type=2 2 2 2 2 1 2
left_child=-1 3 5 4 6 -3 -2
right_child=1 2 -4 -5 -6 -7 -8
leaf_value=-0.02341049057836846 -0.021859394650443457 -0.013954809393938481 0.0281632765590345 0.01324113863183443 -0.00053281481501033629 0.0055751862486736331 -0.0060068091466827442
leaf_weight=68.292044034227729 110.34574339352548 61.53066797554493 61.075572595000267 106.37921536713839 481.98712591081858 475.50588948279619 130.7635759729892
leaf_count=6966 2295 405 587 601 3050 2793 1863
internal_value=-8.82877e-05 0.00102739 0.0058726 -0.00246637 -0.0047772 0.00333755 -0.0132619
internal_weight=1495.88 1427.59 598.112 829.476 723.096 537.037 241.109
internal_count=18560 11594 3785 7809 7208 3198 4158
cat_boundaries=0 1
cat_threshold=2
is_linear=0
shrinkage=0.05


Tree=71
num_leaves=8
num_cat=1
split_feature=0 2 8 0 1 0 7
split_gain=14.3819 9.23663 10.0087 8.12482 8.98901 7.35335 5.60633
threshold=1.0000000180025095e-35 3.5000000000000004 1.0000000180025095e-35 57.000000000000007 0 42.000000000000007 1.0000000180025095e-35
decision_type=2 2 2 2 1 2 2
left_child=-1 2 5 4 -3 6 -2
right_child=1 3 -4 -5 -6 -7 -8
leaf_value=-0.022769970636958708 -0.022580673996880636 0.0074903131072129453 0.0049255813549603407 0.016863572583974609 -0.0052095831355489118 -0.0026281008582445769 -0.0036456760777947243
leaf_weight=66.742437019944191 106.78935093991458 349.05233684182167 261.30277414619923 121.53988926112652 219.89520166628063 304.26044946163893 61.66584338247776
leaf_count=6966 2232 1997 1601 823 2549 1927 465
internal_value=-8.52431e-05 0.000977605 -0.00292738 0.00512877 0.00262196 -0.00726825 -0.0156492
internal_weight=1491.25 1424.51 734.018 690.487 568.948 472.716 168.455
internal_count=18560 11594 6225 5369 4546 4624 2697
cat_boundaries=0 1
cat_threshold=12
is_linear=0
shrinkage=0.05


Tree=72
num_leaves=8
num_cat=2
split_feature=0 1 0 5 6 4 1
split_gain=13.2775 8.89383 9.01451 9.32083 10.4182 6.13363 6.11024
threshold=1.0000000180025095e-35 0 57.000000000000007 39.500000000000007 2.5000000000000004 12.000000000000002 1
decision_type=2 1 2 2 2 2 1
left_child=-1 2 -2 4 -4 -6 -7
right_child=1 -3 3 -5 5 6 -8
leaf_value=-0.022132931738492387 0.00069444949890174498 -0.0083957038483357619 0.030478367811297508 0.034099325316622422 -0.017354605940493314 0.018004911198066152 -0.0066477837203763523
leaf_weight=65.268313150852919 1016.1201964579523 207.79179816506803 36.258496969938278 39.46847789734602 36.060945987701416 43.787930689752102 42.319620117545128
leaf_count=6966 7350 2872 251 376 190 376 179
internal_value=-8.18306e-05 0.000930429 0.00257465 0.0123589 0.00694272 -4.24505e-05 0.0072077
internal_weight=1487.08 1421.81 1214.02 197.895 158.427 122.168 86.1076
internal_count=18560 11594 8722 1372 996 745 555
cat_boundaries=0 1 2
cat_threshold=14 12
is_linear=0
shrinkage=0.05


Tree=73
num_leaves=8
num_cat=2
split_feature=0 4 0 2 1 3 8
split_gain=12.8174 8.74321 7.68893 6.70432 6.55568 4.15983 4.64847
threshold=42.000000000000007 51.500000000000007 1.0000000180025095e-35 3.5000000000000004 0 1 1.0000000180025095e-35
decision_type=2 2 2 2 1 1 2
left_child=2 3 -1 -2 5 -4 -7
right_child=1 -3 4 -5 -6 6 -8
leaf_value=-0.021500138179467304 -0.0011230897380894154 0.028851237286297154 -0.018357579450423305 0.008419704809470149 -0.019938994402806252 -0.0057189619540749179 0.003421624059500502
leaf_weight=63.866052350029349 405.86097410321236 34.787801831960678 35.419307611882687 336.77843715250492 44.434270601719618 252.84823736175895 309.1616425216198
leaf_count=6966 2541 267 270 2071 1659 2843 1943
internal_value=-7.65078e-05 0.00435208 -0.00495502 0.00320446 -0.00330876 -0.00170951 -0.000690725
internal_weight=1483.16 777.427 705.73 742.639 641.863 597.429 562.01
internal_count=18560 4879 13681 4612 6715 5056 4786
cat_boundaries=0 1 2
cat_threshold=14 2
is_linear=0
shrinkage=0.05


Tree=74
num_leaves=8
num_cat=2
split_feature=0 4 0 1 2 0 1
split_gain=11.6418 8.09766 7.14187 6.16531 6.04269 4.15615 4.08225
threshold=42.000000000000007 51.500000000000007 1.0000000180025095e-35 0 3.5000000000000004 57.000000000000007 1
decision_type=2 2 2 1 2 2 1
left_child=2 4 -1 -4 -2 -6 -7
right_child=1 -3 3 -5 5 6 -8
leaf_value=-0.020872320225313441 -0.0010671038095800452 0.027950718558952814 -0.0016271073102047812 -0.019428796098972967 0.0040240007572785192 7.7575096691205933e-05 0.02149139043623724
leaf_weight=62.532190242782235 405.79874959588051 34.130158245563507 596.53191708773375 43.604993212968111 223.1934165507555 40.560061931610107 73.366949088871479
leaf_count=6966 2541 267 5056 1659 1310 167 594
internal_value=-8.03582e-05 0.00413701 -0.00474415 -0.00316865 0.00304299 0.00799039 0.0157609
internal_weight=1479.72 777.049 702.669 640.137 742.919 337.12 113.927
internal_count=18560 4879 13681 6715 4612 2071 761
cat_boundaries=0 1 2
cat_threshold=14 33
is_linear=0
shrinkage=0.05


Tree=75
num_leaves=8
num_cat=1
split_feature=0 7 5 0 1 0 6
split_gain=10.6155 7.65162 7.69406 6.62762 5.79621 5.28052 4.3589
threshold=42.000000000000007 28.750000000000004 42.500000000000007 1.0000000180025095e-35 0 57.000000000000007 2.5000000000000004
decision_type=2 2 2 2 1 2 2
left_child=3 2 6 -1 -5 -4 -2
right_child=1 -3 5 4 -6 -7 -8
leaf_value=-0.020250191563806461 0.006770590156819376 0.019821336421731464 0.0061857519160028514 -0.001548721055259505 -0.018926141455833861 0.026909798206995128 -0.002966498669388942
leaf_weight=61.263450594618917 160.43167389184237 69.182486400008202 95.507044300436974 595.91106349974871 42.810957936570048 45.324374787509441 405.30892166495323
leaf_count=6966 1082 432 509 5056 1659 369 2487
internal_value=-7.6491e-05 0.00395178 0.00239795 -0.0045408 -0.00303402 0.0128555 -0.000205273
internal_weight=1475.74 775.755 706.572 699.985 638.722 140.831 565.741
internal_count=18560 4879 4447 13681 6715 878 3569
cat_boundaries=0 1
cat_threshold=14
is_linear=0
shrinkage=0.05


Tree=76
num_leaves=8
num_cat=1
split_feature=0 4 0 5 1 0 7
split_gain=9.64674 7.38016 6.14431 5.76872 5.44729 4.74088 4.34277
threshold=42.000000000000007 32.500000000000007 1.0000000180025095e-35 42.500000000000007 0 57.000000000000007 1.0000000180025095e-35
decision_type=2 2 2 2 1 2 2
left_child=2 3 -1 6 -4 -5 -2
right_child=1 -3 4 5 -6 -7 -8
leaf_value=-0.019634444199118466 -0.0022684543457713513 0.016960655673793526 -0.0014740373541913862 0.0047579625731603067 -0.01843123035500634 0.024955427259142023 0.0097606006733607972
leaf_weight=60.056693410500884 459.29010895639658 93.157796360552311 595.32034600526094 89.385573387145996 42.050574155524373 43.045543804764748 89.682460479438305
leaf_count=6966 3044 596 5056 468 1659 343 428
internal_value=-8.00238e-05 0.00376085 -0.00434569 0.00195624 -0.00290509 0.011323 -0.000303337
internal_weight=1471.99 774.561 697.428 681.404 637.371 132.431 548.973
internal_count=18560 4879 13681 4283 6715 811 3472
cat_boundaries=0 1
cat_threshold=14
is_linear=0
shrinkage=0.05


Tree=77
num_leaves=8
num_cat=1
split_feature=0 7 8 0 0 5 3
split_gain=8.80847 7.60217 9.76931 9.29005 7.66668 8.8219 6.24794
threshold=1.0000000180025095e-35 1.0000000180025095e-35 1.0000000180025095e-35 57.000000000000007 42.000000000000007 34.500000000000007 0
decision_type=2 2 2 2 2 2 1
left_child=-1 2 4 6 5 -2 -4
right_child=1 -3 3 -5 -6 -7 -8
leaf_value=-0.019025735328439437 -0.026925910855714746 0.0074155971565971731 -0.013200192183347163 0.024202595610267733 -0.0017246947213937155 -0.0049412866469199729 0.0041420214700102374
leaf_weight=58.908940885215998 76.630085825920105 325.04667265713215 60.649957321584225 51.203472845256329 421.52334669232368 112.80284134484828 361.47422666847706
leaf_count=6966 2062 1850 405 507 2779 1764 2227
internal_value=-8.32262e-05 0.000708556 -0.00130208 0.00408998 -0.00547948 -0.0138346 0.00165033
internal_weight=1468.24 1409.33 1084.28 473.328 610.956 189.433 422.124
internal_count=18560 11594 9744 3139 6605 3826 2632
cat_boundaries=0 1
cat_threshold=2
is_linear=0
shrinkage=0.05


Tree=78
num_leaves=8
num_cat=1
split_feature=2 0 4 0 1 0 2
split_gain=8.49433 8.36576 6.40025 5.07036 4.84711 5.15868 5.71375
threshold=1.5000000000000002 42.000000000000007 51.500000000000007 1.0000000180025095e-35 0 57.000000000000007 3.5000000000000004
decision_type=2 2 2 2 1 2 2
left_child=-1 3 4 -2 -3 -6 -7
right_child=1 2 -4 -5 5 6 -8
leaf_value=-0.029237479152917065 -0.018063150832821572 -0.0069043678981363828 0.025725930938980953 -0.0023125062012508231 0.0014947142197466524 0.005246143705564167 0.022672371000412261
leaf_weight=24.560357742011547 55.626149727031589 97.684445351362228 32.551321856677532 627.32821509987116 415.78427278250456 140.16757623851299 70.797392673790455
leaf_count=640 6702 721 267 6468 2343 825 594
internal_value=-8.03579e-05 0.000416961 0.00403691 -0.00359539 0.00306235 0.00465169 0.0110942
internal_weight=1464.5 1439.94 756.985 682.954 724.434 626.749 210.965
internal_count=18560 17920 4750 13170 4483 3762 1419
cat_boundaries=0 1
cat_threshold=33
is_linear=0
shrinkage=0.05


Tree=79
num_leaves=8
num_cat=1
split_feature=2 0 4 0 1 0 5
split_gain=7.83459 7.56443 5.91657 4.69116 4.41057 4.7042 5.4897
threshold=1.5000000000000002 42.000000000000007 51.500000000000007 1.0000000180025095e-35 0 57.000000000000007 42.500000000000007
decision_type=2 2 2 2 1 2 2
left_child=-1 3 4 -2 -3 -6 -7
right_child=1 2 -4 -5 5 6 -8
leaf_value=-0.028380903141174377 -0.017475656190007058 -0.0066105370974278987 0.02488675964659284 -0.0022003047200438194 0.0014192743519202992 0.0069951300986567447 0.028738632767389097
leaf_weight=24.049727898091078 54.646760830655694 97.377575285732746 31.98124435544014 626.37680280581117 415.98545878380537 174.95346822589636 34.803586661815643
leaf_count=640 6702 721 267 6468 2343 1104 315
internal_value=-7.89272e-05 0.000395025 0.00384122 -0.00342603 0.00291045 0.00442699 0.0106029
internal_weight=1460.17 1436.12 755.101 681.024 723.12 625.743 209.757
internal_count=18560 17920 4750 13170 4483 3762 1419
cat_boundaries=0 1
cat_threshold=33
is_linear=0
shrinkage=0.05


Tree=80
num_leaves=8
num_cat=0
split_feature=2 0 7 5 0 0 8
split_gain=7.22242 6.83916 5.44207 5.16705 4.33642 3.97727 3.76812
threshold=1.5000000000000002 42.000000000000007 28.750000000000004 42.500000000000007 1.0000000180025095e-35 57.000000000000007 1.0000000180025095e-35
decision_type=2 2 2 2 2 2 2
left_child=-1 4 3 -3 -2 -5 -6
right_child=1 2 -4 5 6 -7 -8
leaf_value=-0.027535332252773832 -0.016897337232526129 0.00015102295666825626 0.01725889546325007 0.0053113613338129171 -0.0063756658597332845 0.023698809747072613 0.0014236864224656419
leaf_weight=23.561460677534342 53.71537079103291 548.34490452706814 66.976447332650423 95.452962130308151 282.05358839780092 42.504951670765877 343.41856233030558
leaf_count=640 6702 3440 432 509 4255 369 2213
internal_value=-7.74191e-05 0.000374213 0.00365476 0.00232713 -0.0032642 0.0109765 -0.00209339
internal_weight=1456.03 1432.47 753.279 686.303 679.188 137.958 625.472
internal_count=18560 17920 4750 4318 13170 878 6468
is_linear=0
shrinkage=0.05


Tree=81
num_leaves=8
num_cat=2
split_feature=5 6 0 4 3 1 8
split_gain=6.79199 7.6551 4.41366 4.83925 4.5913 4.25022 7.53927
threshold=33.500000000000007 1.5000000000000002 42.000000000000007 32.500000000000007 0 1 1.0000000180025095e-35
decision_type=2 2 2 2 1 1 2
left_child=1 -1 4 -4 -2 -3 -7
right_child=2 5 3 -5 -6 6 -8
leaf_value=0.015443223911595461 -0.017431352284079049 0.0023601183064268171 0.0042376008695915925 0.020187497687690778 0.0007017102027446863 -0.014412105363721337 -0.00039649242292352099
leaf_weight=44.717621739953756 38.087193675339222 116.91090417653322 383.33829187601805 54.290818743407726 418.29643355496228 234.75270401500165 162.27727358788252
leaf_count=640 729 1280 2321 404 7106 4480 1600
internal_value=-7.39819e-05 -0.00439895 0.00262864 0.00621629 -0.000811573 -0.00612541 -0.00847019
internal_weight=1452.67 558.659 894.013 437.629 456.384 513.941 397.03
internal_count=18560 8000 10560 2725 7835 7360 6080
cat_boundaries=0 1 2
cat_threshold=2 24
is_linear=0
shrinkage=0.05


Tree=82
num_leaves=8
num_cat=0
split_feature=2 0 8 7 2 5 2
split_gain=6.37001 6.2075 7.12739 5.48649 6.71228 5.01594 4.31155
threshold=1.5000000000000002 57.000000000000007 1.0000000180025095e-35 1.0000000180025095e-35 4.5000000000000009 17.000000000000004 3.5000000000000004
decision_type=2 2 2 2 2 2 2
left_child=-1 3 -3 4 5 -2 -5
right_child=1 2 -4 6 -6 -7 -8
leaf_value=-0.026259109652756275 0.018671571325122458 0.0031152224017623833 0.023394122542592505 0.00036287912244017614 0.01661663526831151 -0.0049431573938413026 0.013132611641081643
leaf_weight=22.853065859526396 23.143298640847206 218.51180086284876 54.046330586075783 200.14367416780442 40.35608090646565 792.6392484260723 98.698419644497335
leaf_count=640 283 1179 587 1741 296 12969 865
internal_value=-7.0093e-05 0.00034916 0.00713638 -0.00125252 -0.00328853 -0.00427322 0.00458033
internal_weight=1450.39 1427.54 272.558 1154.98 856.139 815.783 298.842
internal_count=18560 17920 1766 16154 13548 13252 2606
is_linear=0
shrinkage=0.05


Tree=83
num_leaves=8
num_cat=1
split_feature=0 2 1 8 0 7 4
split_gain=6.06508 6.34502 6.0336 5.99262 4.90564 4.18136 4.10125
threshold=1.0000000180025095e-35 3.5000000000000004 0 1.0000000180025095e-35 42.000000000000007 1.0000000180025095e-35 21.500000000000004
decision_type=2 2 1 2 2 2 2
left_child=-1 3 -3 4 5 -2 -4
right_child=1 2 6 -5 -6 -7 -8
leaf_value=-0.016434225120150865 -0.019623587316011548 0.0081331421985118644 0.0043966148026464936 0.0033913358555189527 -0.0023653009212845689 -0.0029553586344111468 -0.0073359503381636429
leaf_weight=54.470885603688657 98.02702940441668 377.24789687618613 151.08973312564194 258.34539940208197 300.1231844574213 61.062506437301636 146.91020445339382
leaf_count=6966 2232 2353 1634 1601 1927 465 1382
internal_value=-6.69785e-05 0.000573124 0.00405199 -0.00270062 -0.00612785 -0.0132259 -0.00134235
internal_weight=1447.28 1392.81 675.248 717.558 459.213 159.09 298
internal_count=18560 11594 5369 6225 4624 2697 3016
cat_boundaries=0 1
cat_threshold=12
is_linear=0
shrinkage=0.05


Tree=84
num_leaves=8
num_cat=2
split_feature=5 6 0 4 3 1 8
split_gain=5.71884 6.42592 3.8551 4.22893 4.08666 3.84614 6.35075
threshold=33.500000000000007 1.5000000000000002 42.000000000000007 32.500000000000007 0 1 1.0000000180025095e-35
decision_type=2 2 2 2 1 1 2
left_child=1 -1 4 -4 -2 -3 -7
right_child=2 5 3 -5 -6 6 -8
leaf_value=0.014036817983410789 -0.016617503158184936 0.0023975653859816489 0.0039424556431877714 0.018977105130068176 0.00062052520273078293 -0.013430443309638046 -0.00050951132942099117
leaf_weight=45.116175527684391 37.464890716131777 116.73322796262801 382.28730789572001 53.291875336319208 417.85233055753633 230.77734630648047 161.75602021394297
leaf_count=640 729 1280 2321 404 7106 4480 1600
internal_value=-6.19455e-05 -0.00404904 0.00241913 0.0057819 -0.000797872 -0.00565128 -0.00790458
internal_weight=1445.28 554.383 890.896 435.579 455.317 509.267 392.533
internal_count=18560 8000 10560 2725 7835 7360 6080
cat_boundaries=0 1 2
cat_threshold=2 24
is_linear=0
shrinkage=0.05


Tree=85
num_leaves=8
num_cat=1
split_feature=0 2 1 8 0 4 0
split_gain=5.47601 5.55453 5.27016 5.04525 4.57279 3.84174 4.17521
threshold=1.0000000180025095e-35 3.5000000000000004 0 1.0000000180025095e-35 42.000000000000007 21.500000000000004 57.000000000000007
decision_type=2 2 1 2 2 2 2
left_child=-1 3 -3 4 -2 6 -4
right_child=1 2 5 -5 -6 -7 -8
leaf_value=-0.01576614374167043 -0.012604984086962173 0.0076069811236584633 -0.00084848916159007543 0.0030541857335136856 -0.0020655078559008821 -0.0070656588033860615 0.017719769741616088
leaf_weight=53.43179924134165 156.84554123133421 377.61959269270301 109.19033238478005 258.4693149253726 299.31604985147715 146.40357411839068 41.888533666729927
leaf_count=6966 2697 2353 1386 1601 1927 1382 248
internal_value=-5.85448e-05 0.000545374 0.00379763 -0.00252699 -0.00568938 -0.00125155 0.0042998
internal_weight=1443.16 1389.73 675.102 714.631 456.162 297.482 151.079
internal_count=18560 11594 5369 6225 4624 3016 1634
cat_boundaries=0 1
cat_threshold=12
is_linear=0
shrinkage=0.05


Tree=86
num_leaves=8
num_cat=1
split_feature=2 0 6 1 4 6 7
split_gain=5.36353 5.60877 6.52172 8.15918 4.99222 4.72085 4.50172
threshold=1.5000000000000002 57.000000000000007 2.5000000000000004 0 16.000000000000004 9.5000000000000018 1.0000000180025095e-35
decision_type=2 2 2 1 2 2 2
left_child=-1 6 -3 4 -4 -6 -2
right_child=1 2 3 -5 5 -7 -8
leaf_value=-0.024605176375017853 -0.0030535788255479229 0.020149420470401795 -0.0033492703349947495 -0.0096895130831427829 0.029703451469100722 0.0056367052433175021 0.0040861624702901618
leaf_weight=21.907069597393274 850.37647117488086 68.392278082668781 41.674011237919331 78.779529318213463 41.629909262061119 39.911477468907833 298.19454199122265
leaf_count=640 13548 502 237 355 402 270 2606
internal_value=-5.3766e-05 0.000325279 0.00680423 0.00228577 0.00992336 0.0179237 -0.00119994
internal_weight=1440.87 1418.96 270.387 201.995 123.215 81.5414 1148.57
internal_count=18560 17920 1766 1264 909 672 16154
cat_boundaries=0 1
cat_threshold=44
is_linear=0
shrinkage=0.05


Tree=87
num_leaves=8
num_cat=2
split_feature=0 1 0 6 1 4 5
split_gain=4.94595 5.17658 4.72578 7.42317 6.86164 5.25365 3.97027
threshold=1.0000000180025095e-35 0 57.000000000000007 2.5000000000000004 1 16.000000000000004 20.500000000000004
decision_type=2 1 2 2 1 2 2
left_child=-1 2 -2 -4 5 -5 -3
right_child=1 6 3 4 -6 -7 -8
leaf_value=-0.015122847650433919 0.00043497865255075538 -0.026581882442143396 0.026832717373773098 -0.0064129876690426427 -0.0087213864847787547 0.021996385484748679 -0.0045413706030227015
leaf_weight=52.467684549279511 1002.6550406590104 23.139451432973146 44.873451698571444 22.847502835094929 60.391014933586121 56.556200362741947 174.64492967166007
leaf_count=6966 7350 442 376 151 274 571 2430
internal_value=-5.41635e-05 0.000516636 0.0017738 0.00913899 0.00345939 0.0122759 -0.0067773
internal_weight=1437.58 1385.11 1187.32 184.668 139.795 79.4037 197.784
internal_count=18560 11594 8722 1372 996 722 2872
cat_boundaries=0 1 2
cat_threshold=14 12
is_linear=0
shrinkage=0.05


Tree=88
num_leaves=8
num_cat=1
split_feature=2 6 7 6 0 0 3
split_gain=4.829 4.83358 4.62118 4.1801 4.44166 3.84177 5.16686
threshold=3.5000000000000004 1.5000000000000002 1.0000000180025095e-35 3.5000000000000004 57.000000000000007 57.000000000000007 0
decision_type=2 2 2 2 2 2 1
left_child=1 -1 3 4 -3 6 -2
right_child=5 2 -4 -5 -6 -7 -8
leaf_value=0.013006079575794747 -0.012271232834022485 -0.0058068947091555953 0.0020253147052867859 -0.011533254012553389 0.010398021900656725 0.011458193609553625 0.002935534710548162
leaf_weight=44.986498153302819 62.527198133524507 184.70784058235586 222.66327638318762 230.09796336991712 54.840133264660835 110.9982678592205 523.77899790136144
leaf_count=640 864 3181 1920 3840 339 823 6953
internal_value=-5.433e-05 -0.00287546 -0.00390745 -0.00672023 -0.00209708 0.0029286 0.00131379
internal_weight=1434.6 737.296 692.309 469.646 239.548 697.304 586.306
internal_count=18560 9920 9280 7360 3520 8640 7817
cat_boundaries=0 1
cat_threshold=2
is_linear=0
shrinkage=0.05


Tree=89
num_leaves=8
num_cat=1
split_feature=0 4 8 5 7 3 5
split_gain=4.58449 4.11428 3.30748 6.81532 4.19576 3.93351 3.19672
threshold=42.000000000000007 32.500000000000007 1.0000000180025095e-35 34.500000000000007 1.0000000180025095e-35 0 42.500000000000007
decision_type=2 2 2 2 2 1 2
left_child=2 6 3 4 -1 -4 -2
right_child=1 -3 5 -5 -6 -7 -8
leaf_value=-0.02229678280236979 -0.00040262548970293618 0.012797838327057534 -0.015325021254418442 -0.00055514815561853411 -0.0038821917989723524 0.0019856279750585146 0.0083735613006054969
leaf_weight=82.931467702612281 538.64660851657391 87.866585720330477 36.509995155967772 184.41942439880222 49.335333675146103 324.40247158473358 128.51704275235534
leaf_count=3984 3472 596 729 4471 718 3779 811
internal_value=-5.20813e-05 0.00262741 -0.00303777 -0.006767 -0.0154282 0.000234478 0.00128795
internal_weight=1432.63 755.03 677.599 316.686 132.267 360.912 667.164
internal_count=18560 4879 13681 9173 4702 4508 4283
cat_boundaries=0 1
cat_threshold=2
is_linear=0
shrinkage=0.05


Tree=90
num_leaves=8
num_cat=0
split_feature=2 0 8 2 7 5 6
split_gain=4.35796 4.28594 5.48855 4.10382 4.6394 3.6658 3.29764
threshold=1.5000000000000002 57.000000000000007 1.0000000180025095e-35 4.5000000000000009 1.0000000180025095e-35 17.000000000000004 2.5000000000000004
decision_type=2 2 2 2 2 2 2
left_child=-1 3 -3 4 5 -2 -4
right_child=1 2 6 -5 -6 -7 -8
leaf_value=-0.022697799064764684 0.015688122352724331 0.0025170449112105653 0.036161536278581582 0.014507196223370437 0.0037053791111947062 -0.0041866499860703814 0.010216369849004606
leaf_weight=20.930512364953756 23.911767227575183 215.20540993660688 20.689100213348866 40.907367364503443 298.27386686019599 780.36110423924401 30.013833660632372
leaf_count=640 283 1179 252 296 2606 12969 335
internal_value=-5.02778e-05 0.000286062 0.00600381 -0.00104359 -0.00162057 -0.00359575 0.0208032
internal_weight=1430.29 1409.36 265.908 1143.45 1102.55 804.273 50.7029
internal_count=18560 17920 1766 16154 15858 13252 587
is_linear=0
shrinkage=0.05


Tree=91
num_leaves=8
num_cat=0
split_feature=2 6 7 6 0 7 0
split_gain=4.22756 4.07718 3.776 3.68944 3.70556 3.662 4.24366
threshold=3.5000000000000004 1.5000000000000002 1.0000000180025095e-35 3.5000000000000004 57.000000000000007 28.750000000000004 57.000000000000007
decision_type=2 2 2 2 2 2 2
left_child=1 -1 3 4 -3 6 -2
right_child=5 2 -4 -5 -6 -7 -8
leaf_value=0.01183996601229439 -0.00032885467696194652 -0.0052651818284635485 0.0016981855620943264 -0.010777657545648077 0.00960263358354989 0.013443064908272299 0.010747371121065261
leaf_weight=45.247061136178672 519.72921632695943 183.23640865413472 222.67496101884171 227.09571696817875 54.335322268307209 71.738301552832127 103.73682414367795
leaf_count=640 7246 3181 1920 3840 339 640 754
internal_value=-4.78628e-05 -0.00269824 -0.00365528 -0.00622073 -0.00186475 0.00274504 0.00151409
internal_weight=1427.79 732.589 687.342 464.667 237.572 695.204 623.466
internal_count=18560 9920 9280 7360 3520 8640 8000
is_linear=0
shrinkage=0.05


Tree=92
num_leaves=8
num_cat=1
split_feature=0 1 5 4 0 0 5
split_gain=4.16501 4.69757 3.89319 6.3575 4.7695 3.76462 3.52315
threshold=1.0000000180025095e-35 0 40.500000000000007 28.500000000000004 57.000000000000007 42.000000000000007 22.500000000000004
decision_type=2 1 2 2 2 2 2
left_child=-1 2 3 6 -4 -5 -2
right_child=1 -3 4 5 -6 -7 -8
leaf_value=-0.014080130495071617 0.0037850381722601967 -0.0065188386861578587 0.0044624850212060252 0.0012701745276910851 0.025323614041815337 0.012472784729517961 -0.0054782695830180072
leaf_weight=50.975370281841606 135.6484529748559 195.26083134114742 277.00690495222807 191.13097611069679 30.406759224832058 123.41879078745842 421.8865954130888
leaf_count=6966 1147 2872 1790 1131 349 774 3531
internal_value=-4.57884e-05 0.000474598 0.00167341 -1.79205e-05 0.00652589 0.0056657 -0.0032245
internal_weight=1425.73 1374.76 1179.5 872.085 307.414 314.55 557.535
internal_count=18560 11594 8722 6583 2139 1905 4678
cat_boundaries=0 1
cat_threshold=14
is_linear=0
shrinkage=0.05


Tree=93
num_leaves=8
num_cat=1
split_feature=0 1 2 6 4 5 7
split_gain=3.82149 3.37196 3.1714 2.99637 5.87633 3.09529 4.05383
threshold=42.000000000000007 0 3.5000000000000004 7.7500000000000009 16.000000000000004 29.500000000000004 28.750000000000004
decision_type=2 1 2 2 2 2 2
left_child=3 -2 -3 5 -5 -1 -7
right_child=1 2 -4 4 -6 6 -8
leaf_value=-0.0071882892967653758 -0.0057014145812225797 0.00073842969770028608 0.0078048782724035011 -0.037162179634628215 -0.0055288323999076764 -0.00064107652124457048 0.014456055757091319
leaf_weight=143.98666406981647 102.62754667550325 368.67463789135218 278.88450784981251 16.42319402191788 138.39411671366543 322.95653863763437 51.564217306673527
leaf_count=3277 799 2282 1798 741 2720 6467 476
internal_value=-4.59135e-05 0.00240842 0.00372423 -0.00278041 -0.00888453 -0.000957831 0.0014375
internal_weight=1423.51 750.187 647.559 673.325 154.817 518.507 374.521
internal_count=18560 4879 4080 13681 3461 10220 6943
cat_boundaries=0 1
cat_threshold=33
is_linear=0
shrinkage=0.05


Tree=94
num_leaves=8
num_cat=1
split_feature=2 7 0 6 1 4 6
split_gain=3.73689 4.09583 3.44855 7.0056 4.13952 3.78972 3.26572
threshold=4.5000000000000009 1.0000000180025095e-35 57.000000000000007 2.5000000000000004 0 16.000000000000004 5.2500000000000009
decision_type=2 2 2 2 1 2 2
left_child=1 2 -1 -4 5 -5 -3
right_child=-2 6 3 4 -6 -7 -8
leaf_value=-0.0035771878487819136 0.014561375958676624 0.018425123277228849 0.017246942601223392 -0.0080699751507373619 -0.0091794598412485214 0.013636368514835432 0.0026076884586196951
leaf_weight=810.95463684620336 42.47329842671752 36.741443858481944 65.10648163035512 30.865857448428869 86.053861014544964 57.694832928478718 291.77403702586889
leaf_count=13849 320 320 502 169 398 442 2560
internal_value=-4.62975e-05 -0.000496153 -0.00201976 0.00324889 -0.0019704 0.00545513 0.00437672
internal_weight=1421.66 1379.19 1050.68 239.721 174.615 88.5607 328.515
internal_count=18560 18240 15360 1511 1009 611 2880
cat_boundaries=0 1
cat_threshold=36
is_linear=0
shrinkage=0.05


Tree=95
num_leaves=8
num_cat=1
split_feature=0 1 5 4 0 0 5
split_gain=3.64761 4.10289 3.32088 5.28979 4.21197 3.23576 3.16921
threshold=1.0000000180025095e-35 0 40.500000000000007 28.500000000000004 57.000000000000007 42.000000000000007 22.500000000000004
decision_type=2 1 2 2 2 2 2
left_child=-1 2 3 6 -4 -5 -2
right_child=1 -3 4 5 -6 -7 -8
leaf_value=-0.013320316832934949 0.0037148693699942149 -0.0061246175847922413 0.0041338687551620923 0.0011116871203907808 0.024027982441945095 0.011514419707872724 -0.0050894242112171527
leaf_weight=49.940022847615182 135.13130776584148 193.77131727896631 277.46569636464119 191.28951150178909 29.427518524229527 122.70061168819666 419.57172720506787
leaf_count=6966 1147 2872 1790 1131 349 774 3531
internal_value=-4.72421e-05 0.000436823 0.00155719 -9.09749e-06 0.00604148 0.00517685 -0.00294461
internal_weight=1419.3 1369.36 1175.59 868.693 306.893 313.99 554.703
internal_count=18560 11594 8722 6583 2139 1905 4678
cat_boundaries=0 1
cat_threshold=14
is_linear=0
shrinkage=0.05


Tree=96
num_leaves=8
num_cat=2
split_feature=2 0 1 0 6 1 4
split_gain=3.53341 3.28307 3.37046 3.65095 5.0863 4.16675 3.92569
threshold=1.5000000000000002 1.0000000180025095e-35 0 57.000000000000007 2.5000000000000004 1 16.000000000000004
decision_type=2 2 1 2 2 1 2
left_child=-1 -2 3 -3 -5 6 -6
right_child=1 2 -4 4 5 -7 -8
leaf_value=-0.020885959199934787 -0.012637627528121304 0.00054711584278991146 -0.0054148636270854381 0.023562343743447685 -0.0054454139653277063 -0.0064422960090362441 0.019272171900603045
leaf_weight=20.053906306624413 47.714706791564822 991.48682348430157 183.84502177685499 41.964966092258692 23.024250883609056 56.007829450070858 53.135074943304062
leaf_count=640 6702 7215 2648 376 151 257 571
internal_value=-4.71548e-05 0.000251948 0.000707701 0.0017052 0.00839709 0.0035819 0.0104301
internal_weight=1417.23 1397.18 1349.46 1165.62 174.132 132.167 76.1593
internal_count=18560 17920 11218 8570 1355 979 722
cat_boundaries=0 1 2
cat_threshold=14 12
is_linear=0
shrinkage=0.05


Tree=97
num_leaves=8
num_cat=1
split_feature=2 0 1 6 4 7 5
split_gain=3.24012 3.12312 2.63897 2.42282 5.12704 4.25731 3.37613
threshold=1.5000000000000002 42.000000000000007 0 6.7500000000000009 9.5000000000000018 28.750000000000004 17.000000000000004
decision_type=2 2 1 2 2 2 2
left_child=-1 3 -3 5 -5 6 -2
right_child=1 2 -4 4 -6 -7 -8
leaf_value=-0.020162746677554862 0.0213830856457107 -0.0050178663180217905 0.0036203323989160551 -0.039521701698017921 -0.0049776252650908862 0.013113191153941531 -0.002870712736155447
leaf_weight=19.742631416767836 14.86635772930458 94.557386498898268 637.8622780777514 11.454758457839487 172.47312208404765 52.114744741469622 411.70740653807297
leaf_count=640 218 721 4029 472 3195 476 8809
internal_value=-4.88249e-05 0.000235828 0.00248604 -0.00225143 -0.00712898 -0.000377311 -0.00202545
internal_weight=1414.78 1395.04 732.42 662.616 183.928 478.689 426.574
internal_count=18560 17920 4750 13170 3667 9503 9027
cat_boundaries=0 1
cat_threshold=33
is_linear=0
shrinkage=0.05


Tree=98
num_leaves=8
num_cat=1
split_feature=2 7 3 4 0 4 2
split_gain=3.23969 3.32876 2.98025 4.05994 3.72377 3.51783 4.29854
threshold=4.5000000000000009 1.0000000180025095e-35 0 12.000000000000002 57.000000000000007 8.5000000000000018 2.5000000000000004
decision_type=2 2 1 2 2 2 2
left_child=1 2 5 -4 -5 -1 -7
right_child=-2 -3 3 4 -6 6 -8
leaf_value=0.0092150688396620464 0.013522877980337928 0.0039240513794861877 -0.014496192990878934 -0.0055040240077103035 0.0068434433039124875 -0.013455014705156646 0.00043976155865939792
leaf_weight=95.012065449263901 42.652322975918651 327.89594259485602 90.110472564119846 254.312565010041 80.354863058775663 63.335757797583938 459.40492966771126
leaf_count=1280 320 2880 1600 4591 529 960 6400
internal_value=-4.75889e-05 -0.000469948 -0.00185195 -0.00507582 -0.00253935 0.000364851 -0.00124374
internal_weight=1413.08 1370.43 1042.53 424.778 334.667 617.753 522.741
internal_count=18560 18240 15360 6720 5120 8640 7360
cat_boundaries=0 1
cat_threshold=1
is_linear=0
shrinkage=0.05


Tree=99
num_leaves=8
num_cat=1
split_feature=2 6 7 0 4 3 4
split_gain=2.97224 2.93677 2.46327 3.07563 3.37514 2.84492 3.75813
threshold=3.5000000000000004 1.5000000000000002 11.950000000000001 57.000000000000007 21.500000000000004 0 24.500000000000004
decision_type=2 2 2 2 2 1 2
left_child=1 -1 3 5 -5 6 -2
right_child=2 -3 -4 4 -6 -7 -8
leaf_value=0.010011201225985259 -0.002832410082617308 -0.0031140150452492023 0.0093121749674832197 0.017845431311683434 -0.00055964358207174949 0.00083623038780961546 -0.030251102586150436
leaf_weight=45.482584566809237 43.485037494450808 676.77425490552559 106.03952673124149 51.946788240224123 47.856979914009571 422.87843277445063 17.537539608776569
leaf_count=640 570 9280 960 410 318 6088 294
internal_value=-4.57045e-05 -0.00228748 0.00230174 0.00102818 0.00902 -0.000620114 -0.0107124
internal_weight=1412 722.257 689.744 583.705 99.8038 483.901 61.0226
internal_count=18560 9920 8640 7680 728 6952 864
cat_boundaries=0 1
cat_threshold=2
is_linear=0
shrinkage=0.05


Tree=100
num_leaves=8
num_cat=1
split_feature=0 1 5 5 4 0 5
split_gain=2.89943 3.25018 2.82256 2.70841 4.2684 2.76561 2.6243
threshold=1.0000000180025095e-35 0 20.500000000000004 40.500000000000007 28.500000000000004 42.000000000000007 23.500000000000004
decision_type=2 1 2 2 2 2 2
left_child=-1 3 -3 4 6 -6 -2
right_child=1 2 -4 -5 5 -7 -8
leaf_value=-0.012078223465897403 0.0028822298657252402 -0.022968558584433571 -0.0036339897276272438 0.0054328524204115929 0.00087651207067131133 0.010514502186546823 -0.0048239324006392548
leaf_weight=48.334116199053824 152.85628413967788 21.224892519414425 170.57875642925501 306.19860830903053 191.57995991408825 121.72303170710802 398.49191797524691
leaf_count=6966 1341 442 2430 2139 1131 774 3337
internal_value=-4.36552e-05 0.000383218 -0.00548745 0.00138001 -3.92666e-05 0.00462102 -0.00268747
internal_weight=1410.99 1362.65 191.804 1170.85 864.651 313.303 551.348
internal_count=18560 11594 2872 8722 6583 1905 4678
cat_boundaries=0 1
cat_threshold=14
is_linear=0
shrinkage=0.05


Tree=101
num_leaves=8
num_cat=1
split_feature=0 4 6 4 5 3 6
split_gain=2.80912 2.41909 2.38409 4.98075 2.56999 3.35088 2.5186
threshold=42.000000000000007 32.500000000000007 7.7500000000000009 16.000000000000004 29.500000000000004 0 1.5000000000000002
decision_type=2 2 2 2 2 1 2
left_child=2 -2 4 -4 6 -6 -1
right_child=1 -3 3 -5 5 -7 -8
leaf_value=0.0095769136327856497 0.0010457440559587608 0.0099978971395575291 -0.035369977350497142 -0.0049178559714455443 -0.013301706029961597 0.0029294345766265983 -0.0092560116937968114
leaf_weight=20.797290998976678 657.40693184360862 85.24912091717124 14.889483807142822 136.76502777868882 35.098842489533126 338.13060195185244 121.26400666870177
leaf_count=456 4283 596 741 2720 729 6214 2821
internal_value=-4.18773e-05 0.00207336 -0.00239723 -0.00790765 -0.000775466 0.00140304 -0.00649894
internal_weight=1409.6 742.656 666.945 151.655 515.291 373.229 142.061
internal_count=18560 4879 13681 3461 10220 6943 3277
cat_boundaries=0 1
cat_threshold=2
is_linear=0
shrinkage=0.05


Tree=102
num_leaves=8
num_cat=1
split_feature=2 0 6 1 2 4 7
split_gain=2.71708 2.90383 4.24181 5.10171 2.60323 6.4571 3.41301
threshold=4.5000000000000009 57.000000000000007 2.5000000000000004 0 2.5000000000000004 8.5000000000000018 1.0000000180025095e-35
decision_type=2 2 2 1 2 2 2
left_child=1 4 -3 -4 5 -1 -6
right_child=-2 2 3 -5 6 -7 -8
leaf_value=0.0047006754312621992 0.012337517630245222 0.015559111586336983 0.0072547185557764616 -0.0080684743735780027 -0.0023396449309945407 -0.01634437556427757 0.0045527797773422633
leaf_weight=61.992015914525837 42.981853913515806 63.310851383954287 116.29280616343021 85.441388450562954 709.13201667135581 88.456507200840861 240.53452097717673
leaf_count=866 320 502 885 398 11814 1758 2017
internal_value=-4.03909e-05 -0.000430107 0.004268 0.00072448 -0.001562 -0.0076728 -0.00059391
internal_weight=1408.14 1365.16 265.045 201.734 1100.12 150.449 949.667
internal_count=18560 18240 1785 1283 16455 2624 13831
cat_boundaries=0 1
cat_threshold=44
is_linear=0
shrinkage=0.05


Tree=103
num_leaves=8
num_cat=1
split_feature=0 1 0 5 0 4 6
split_gain=2.53376 2.98877 2.66568 2.57764 2.41118 5.6758 5.66268
threshold=1.0000000180025095e-35 0 42.000000000000007 43.500000000000007 57.000000000000007 12.000000000000002 2.5000000000000004
decision_type=2 1 2 2 2 2 2
left_child=-1 4 3 -3 -2 -6 -7
right_child=1 2 -4 -5 5 6 -8
leaf_value=-0.011391456618421355 0.00037368391198936806 -0.023405996736305834 -0.0027146287577103885 0.014261415230723745 -0.007216889277446451 0.033099453679141938 0.0069686014902803455
leaf_weight=47.489143532235175 993.38559101894498 30.647852653637528 154.728614654392 5.3319902233779422 51.321711849421263 26.400997869670391 96.564947590231895
leaf_count=6966 7350 1455 1213 204 311 280 781
internal_value=-3.89031e-05 0.000357983 -0.00528793 -0.0178239 0.00131413 0.00674975 0.0125789
internal_weight=1405.87 1358.38 190.708 35.9798 1167.67 174.288 122.966
internal_count=18560 11594 2872 1659 8722 1372 1061
cat_boundaries=0 1
cat_threshold=14
is_linear=0
shrinkage=0.05


Tree=104
num_leaves=8
num_cat=0
split_feature=2 7 8 0 6 0 5
split_gain=2.43369 2.53587 2.47261 3.30607 4.22496 3.17244 4.85612
threshold=4.5000000000000009 1.0000000180025095e-35 1.0000000180025095e-35 57.000000000000007 2.5000000000000004 42.000000000000007 34.500000000000007
decision_type=2 2 2 2 2 2 2
left_child=1 2 5 -4 -5 6 -1
right_child=-2 -3 3 4 -6 -7 -8
leaf_value=-0.018934651840121011 0.011652801601864495 0.0034302629519098239 -0.00015401275795288451 0.032763098246280639 0.00043413615177359359 -0.0011685003039115557 -0.0027360768788567383
leaf_weight=74.828609955031425 43.154966779984534 326.97672611149028 392.49951088381931 18.164502095431089 22.779698234051466 404.37874981760979 121.21832150034606
leaf_count=3984 320 2880 4317 252 231 2779 3797
internal_value=-3.70197e-05 -0.000407726 -0.00162155 0.00125637 0.0147766 -0.0036991 -0.00891887
internal_weight=1404 1360.85 1033.87 433.444 40.9442 600.426 196.047
internal_count=18560 18240 15360 4800 483 10560 7781
is_linear=0
shrinkage=0.05


Tree=105
num_leaves=8
num_cat=1
split_feature=2 0 1 4 4 4 5
split_gain=2.3174 2.23979 3.34739 4.44621 3.17077 2.3592 2.75686
threshold=1.5000000000000002 57.000000000000007 0 12.000000000000002 21.500000000000004 16.000000000000004 17.000000000000004
decision_type=2 2 1 2 2 2 2
left_child=-1 5 3 -3 -4 6 -2
right_child=1 2 4 -5 -6 -7 -8
leaf_value=-0.017580350136758155 0.011395351147416412 -0.0049309468167185681 0.0056848322426308563 0.021001093937313687 -0.0080373985763509872 0.00064338129597706268 -0.0058983547833531789
leaf_weight=18.571506507694721 25.088797759264708 23.121017094701529 104.64052377268672 57.979102529585361 70.43295968323946 819.40819310117513 282.90364768123254
leaf_count=640 283 151 572 666 377 10671 5200
internal_value=-3.54385e-05 0.000200064 0.00442037 0.0121143 0.00015543 -0.000758895 -0.00448962
internal_weight=1402.15 1383.57 256.174 81.1001 175.073 1127.4 307.992
internal_count=18560 17920 1766 817 949 16154 5483
cat_boundaries=0 1
cat_threshold=12
is_linear=0
shrinkage=0.05


Tree=106
num_leaves=8
num_cat=1
split_feature=2 6 0 1 4 4 0
split_gain=2.29606 2.11526 1.99414 2.64565 2.8195 3.98969 2.52861
threshold=3.5000000000000004 1.5000000000000002 1.0000000180025095e-35 0 21.500000000000004 17.500000000000004 57.000000000000007
decision_type=2 2 2 1 2 2 2
left_child=1 -1 -2 -4 5 6 -5
right_child=2 -3 3 4 -6 -7 -8
leaf_value=0.0083937567409675586 -0.012600924899260048 -0.0027283591142650328 0.0052292216117268229 -0.010942679014313752 -0.0061350274564467263 0.012587667179713083 0.0075459634020424403
leaf_weight=45.66842907294631 22.517051588278264 668.778631338384 373.85620212927461 48.850702289491892 142.91856955550611 68.131382253021002 29.758839055895805
leaf_count=640 3271 9280 2353 871 1382 609 154
internal_value=-3.35583e-05 -0.00201742 0.00203247 0.00252907 -0.00109856 0.00373186 -0.00394352
internal_weight=1400.48 714.447 686.033 663.516 289.659 146.741 78.6095
internal_count=18560 9920 8640 5369 3016 1634 1025
cat_boundaries=0 1
cat_threshold=12
is_linear=0
shrinkage=0.05


Tree=107
num_leaves=8
num_cat=1
split_feature=0 6 4 3 5 5 7
split_gain=2.15175 2.17926 4.35345 2.20238 2.8345 2.23885 2.24445
threshold=42.000000000000007 7.7500000000000009 16.000000000000004 0 29.500000000000004 30.500000000000004 28.750000000000004
decision_type=2 2 2 1 2 2 2
left_child=1 3 -3 -1 -5 -6 -7
right_child=-2 2 -4 4 5 6 -8
leaf_value=-0.012711969386627853 0.0018270429839615156 -0.034049406094229996 -0.0046774553082715156 -0.0056529141076024072 0.022659565623284528 0.00014299313771152478 0.011408682264552824
leaf_weight=34.692974620964378 737.57955195382237 13.906161252409218 135.93800541805103 139.78099509421736 13.636286701075731 271.40658894088119 52.814708517864347
leaf_count=729 4879 741 2720 3277 255 5483 476
internal_value=-3.04261e-05 -0.00209941 -0.00740329 -0.000548157 0.000335354 0.00281287 0.00197814
internal_weight=1399.76 662.176 149.844 512.332 477.639 337.858 324.221
internal_count=18560 13681 3461 10220 9491 6214 5959
cat_boundaries=0 1
cat_threshold=2
is_linear=0
shrinkage=0.05


Tree=108
num_leaves=8
num_cat=1
split_feature=2 6 4 1 5 6 4
split_gain=2.08381 1.93983 1.85997 2.2338 3.1869 2.23325 2.83789
threshold=3.5000000000000004 1.5000000000000002 16.000000000000004 0 29.500000000000004 7.7500000000000009 5.5000000000000009
decision_type=2 2 2 1 2 2 2
left_child=1 -1 5 -4 -5 -3 -7
right_child=-2 2 3 4 -6 6 -8
leaf_value=0.0080373846453366 0.0019394287097583719 -0.003749988821846688 0.0014230661666726782 -0.018884583025296133 -0.00024437214338329479 -0.0004901826630393434 -0.025732223746927359
leaf_weight=45.762778154574335 685.34118082374334 197.96764253871515 326.92171405488625 37.975446970202029 57.877471192274243 18.247319384478033 28.567204543855041
leaf_count=640 8640 2880 3520 960 960 320 640
internal_value=-2.9505e-05 -0.00192121 -0.0026039 -0.000595665 -0.00690859 -0.00607241 -0.0158934
internal_weight=1398.66 713.32 667.557 422.775 95.8529 244.782 46.8145
internal_count=18560 9920 9280 5440 1920 3840 960
cat_boundaries=0 1
cat_threshold=28
is_linear=0
shrinkage=0.05


Tree=109
num_leaves=8
num_cat=1
split_feature=2 7 6 3 4 0 4
split_gain=2.00914 2.16531 2.07588 2.00825 2.74511 2.71431 2.55299
threshold=4.5000000000000009 1.0000000180025095e-35 5.2500000000000009 0 12.000000000000002 57.000000000000007 8.5000000000000018
decision_type=2 2 2 1 2 2 2
left_child=1 3 -3 6 -5 -6 -1
right_child=-2 2 -4 4 5 -7 -8
leaf_value=0.0078452576282872308 0.010560770841989333 0.014325961496915927 0.001753995932954533 -0.01208173678044871 -0.0046381478457846043 0.0060064352425524721 -0.0010592358438523135
leaf_weight=95.325927673839033 43.408042779192328 37.034609196707606 289.55351670831442 86.866341887973249 249.94479431025684 78.759671822190285 517.39487281953916
leaf_count=1280 320 320 2560 1600 4591 529 7360
internal_value=-2.79231e-05 -0.000367167 0.00317964 -0.00149364 -0.00417669 -0.00208764 0.000326108
internal_weight=1398.29 1354.88 326.588 1028.29 415.571 328.704 612.721
internal_count=18560 18240 2880 15360 6720 5120 8640
cat_boundaries=0 1
cat_threshold=1
is_linear=0
shrinkage=0.05


Tree=110
num_leaves=8
num_cat=1
split_feature=0 4 5 6 4 3 5
split_gain=2.01439 1.93634 2.16639 1.86007 3.83744 1.9382 2.48502
threshold=42.000000000000007 32.500000000000007 34.500000000000007 7.7500000000000009 16.000000000000004 0 29.500000000000004
decision_type=2 2 2 2 2 1 2
left_child=3 -2 -3 5 -5 -1 -7
right_child=1 2 -4 4 -6 6 -8
leaf_value=-0.012084203730618109 0.00085104422244091499 0.0014748890097547101 0.017574874180069873 -0.032804043344250931 -0.0044587141067600113 -0.0054044872901074341 0.0025319576984597363
leaf_weight=34.295770783443004 652.62508965656161 45.222511854022741 38.839026410132647 13.094772832933812 135.4452065131627 139.14320621313527 338.76838015997782
leaf_count=729 4283 267 329 741 2720 3277 6214
internal_value=-2.68052e-05 0.00177104 0.00891358 -0.00203128 -0.00695754 -0.000602661 0.000221274
internal_weight=1397.43 736.687 84.0615 660.747 148.54 512.207 477.912
internal_count=18560 4879 596 13681 3461 10220 9491
cat_boundaries=0 1
cat_threshold=2
is_linear=0
shrinkage=0.05


Tree=111
num_leaves=8
num_cat=2
split_feature=0 1 1 4 6 5 5
split_gain=1.91194 2.3581 2.31293 2.7437 2.78626 3.39043 2.86612
threshold=1.0000000180025095e-35 0 1 20.500000000000004 5.7500000000000009 34.500000000000007 29.500000000000004
decision_type=2 1 1 2 2 2 2
left_child=2 -2 -1 -4 5 6 -5
right_child=1 -3 3 4 -6 -7 -8
leaf_value=0.0085822452193405879 0.0011648231096161069 -0.0047294847078303273 -0.032552489155533125 0.029183171018251144 -0.026276242324784416 0.038943766976510509 -0.050343628105063501
leaf_weight=10.425235291477291 1161.6341172624379 188.49600658379495 16.875415752176195 1.886545788031073 8.3059719959273917 5.5994598506949842 2.8361599068157375
leaf_count=1608 8722 2872 2639 293 1188 819 419
internal_value=-2.57816e-05 0.000315497 -0.0100581 -0.0140044 -0.00471936 0.0126269 -0.0185756
internal_weight=1396.06 1350.13 45.9288 35.5036 18.6281 10.3222 4.72271
internal_count=18560 11594 6966 5358 2719 1531 712
cat_boundaries=0 1 2
cat_threshold=14 49
is_linear=0
shrinkage=0.05


Tree=112
num_leaves=8
num_cat=1
split_feature=0 1 4 6 6 2 4
split_gain=1.90445 3.21281 3.80696 3.15203 2.32477 2.32312 5.23918
threshold=57.000000000000007 0 12.000000000000002 3.5000000000000004 11.000000000000002 2.5000000000000004 8.5000000000000018
decision_type=2 1 2 2 2 2 2
left_child=5 2 -2 -3 -4 6 -1
right_child=1 3 4 -5 -6 -7 -8
leaf_value=0.004287728948546495 -0.0040888681350649478 0.0068192100292803343 0.027290890642935002 -0.0063548356816889159 0.0059650735190775262 -3.4921643898805355e-05 -0.014776392863805086
leaf_weight=62.213331280741841 23.293335761874914 85.582023106515408 37.025293868035078 96.712503701448441 19.514976926147938 985.57843696372584 85.65903312060982
leaf_count=866 151 556 471 436 195 14127 1758
internal_value=-2.34797e-05 0.00381732 0.0114837 -0.00016116 0.0199302 -0.000911725 -0.00675567
internal_weight=1395.58 262.128 79.8336 182.295 56.5403 1133.45 147.872
internal_count=18560 1809 817 992 666 16751 2624
cat_boundaries=0 1
cat_threshold=12
is_linear=0
shrinkage=0.05


Tree=113
num_leaves=8
num_cat=1
split_feature=0 6 4 3 5 5 8
split_gain=1.74737 1.68532 3.55403 1.81103 2.14096 2.05903 1.87303
threshold=42.000000000000007 7.7500000000000009 16.000000000000004 0 29.500000000000004 30.500000000000004 1.0000000180025095e-35
decision_type=2 2 2 1 2 2 2
left_child=1 3 -3 -1 6 -6 -5
right_child=-2 2 -4 4 5 -7 -8
leaf_value=-0.011674041621862795 0.0016544745989252403 -0.031998030692450816 -0.0042282650750539918 -0.010677575571050047 0.021292156028601149 0.0015950213742207222 0.00096920018043091232
leaf_weight=34.050177540164441 734.76677072793245 12.597157149575649 134.95859022531658 70.635627380572259 13.831707271747289 325.38846719404683 67.515632374212146
leaf_count=729 4879 741 2720 2373 255 5959 904
internal_value=-2.2133e-05 -0.00189157 -0.00659903 -0.000533368 0.000261279 0.00239817 -0.0049857
internal_weight=1393.74 658.977 147.556 511.422 477.371 339.22 138.151
internal_count=18560 13681 3461 10220 9491 6214 3277
cat_boundaries=0 1
cat_threshold=2
is_linear=0
shrinkage=0.05


Tree=114
num_leaves=8
num_cat=0
split_feature=2 7 6 8 0 6 0
split_gain=1.69812 1.91799 1.73928 1.67101 2.51891 3.96823 2.13837
threshold=4.5000000000000009 1.0000000180025095e-35 5.2500000000000009 1.0000000180025095e-35 57.000000000000007 2.5000000000000004 42.000000000000007
decision_type=2 2 2 2 2 2 2
left_child=1 3 -3 6 -5 -6 -1
right_child=-2 2 -4 4 5 -7 -8
leaf_value=-0.0074944095323667085 0.0096863444324393685 0.013193443605110084 0.0016964030082220454 -0.00024391156046728852 0.031106695227286575 -0.00089344274888133622 -0.001057259516310334
leaf_weight=190.02399103157222 43.634938709437847 37.133073364384472 288.26336580421776 392.51533362502232 17.13464343175292 22.291816674172878 401.83064280077815
leaf_count=7781 320 320 2560 4317 252 231 2779
internal_value=-2.15556e-05 -0.000335524 0.0030084 -0.00139833 0.00096621 0.0130137 -0.00312401
internal_weight=1392.83 1349.19 325.396 1023.8 431.942 39.4265 591.855
internal_count=18560 18240 2880 15360 4800 483 10560
is_linear=0
shrinkage=0.05


Tree=115
num_leaves=8
num_cat=2
split_feature=2 0 1 4 1 4 4
split_gain=1.5993 1.64137 2.26358 2.42468 2.0358 2.6011 3.64862
threshold=3.5000000000000004 1.0000000180025095e-35 0 28.500000000000004 1 21.500000000000004 17.500000000000004
decision_type=2 2 1 2 1 2 2
left_child=-1 2 3 -2 -3 6 -6
right_child=1 4 -4 -5 5 -7 -8
leaf_value=-0.0016864289305259759 0.0030650582070195528 0.0045195848755214176 -0.019172629302244063 0.068183313206525223 -0.0037824970607505896 -0.0058878789811486337 0.012059339358121103
leaf_weight=707.75962485000491 9.3638916960917378 373.35221656411886 10.960676854941996 1.6870648032054312 77.852001715451479 142.15646409988403 68.173871763050556
leaf_count=9920 1434 2353 1603 234 1025 1382 609
internal_value=-2.04681e-05 0.00170451 -0.0117275 0.00682774 0.00215144 -0.00103743 0.00361345
internal_weight=1391.31 683.546 22.0116 11.051 661.535 288.182 146.026
internal_count=18560 8640 3271 1668 5369 3016 1634
cat_boundaries=0 1 2
cat_threshold=50 12
is_linear=0
shrinkage=0.05


Tree=116
num_leaves=8
num_cat=2
split_feature=0 6 1 4 2 4 3
split_gain=1.6553 2.84272 4.05312 1.93815 1.92351 4.75043 2.07972
threshold=57.000000000000007 2.5000000000000004 0 12.000000000000002 2.5000000000000004 8.5000000000000018 1
decision_type=2 2 1 2 2 2 1
left_child=4 3 -3 -2 5 -1 -6
right_child=1 2 -4 -5 6 -7 -8
leaf_value=0.0042933368126030881 0.0022096271015438445 0.0065551497787068218 -0.0071564716511661759 0.020445525958055433 -0.0091313887958989291 -0.013921419004051439 0.00052522471048501221
leaf_weight=62.154667135328054 24.472263760864735 114.86904829740524 84.96696013957262 36.010583776980639 59.333219799213111 84.404526917263865 924.91600932599977
leaf_count=866 163 909 398 339 864 1758 13263
internal_value=-2.51228e-05 0.00356961 0.000695105 0.013067 -0.000852652 -0.00619668 -5.69022e-05
internal_weight=1391.13 260.319 199.836 60.4828 1130.81 146.559 984.249
internal_count=18560 1809 1307 502 16751 2624 14127
cat_boundaries=0 1 2
cat_threshold=44 2
is_linear=0
shrinkage=0.05


Tree=117
num_leaves=8
num_cat=1
split_feature=0 1 6 4 6 5 5
split_gain=1.54241 2.22786 2.59473 2.55081 2.44447 2.84017 2.76711
threshold=1.0000000180025095e-35 0 3.5000000000000004 20.500000000000004 5.7500000000000009 34.500000000000007 29.500000000000004
decision_type=2 1 2 2 2 2 2
left_child=1 2 -1 -3 5 6 -5
right_child=-2 3 -4 4 -6 -7 -8
leaf_value=-0.0093828540451252312 0.0002802579130425533 -0.03161909180276961 0.040710651948138832 0.028237640453096981 -0.025254324236708221 0.034469508434010296 -0.05032888688386658
leaf_weight=4.8834336842410249 1344.7470912132412 16.046558352652937 5.4925416689366102 1.9091357351280764 7.9723505089059463 5.8934680079109967 2.7137090913020074
leaf_count=736 11594 2639 872 293 1188 819 419
internal_value=-2.41621e-05 -0.00913921 0.0087252 -0.0132084 -0.00437348 0.0114562 -0.0178826
internal_weight=1389.66 44.9112 10.376 34.5352 18.4887 10.5163 4.62284
internal_count=18560 6966 1608 5358 2719 1531 712
cat_boundaries=0 1
cat_threshold=49
is_linear=0
shrinkage=0.05


Tree=118
num_leaves=8
num_cat=1
split_feature=0 1 4 6 6 2 4
split_gain=1.48563 2.73009 3.45013 2.60198 2.15628 1.72999 4.35341
threshold=57.000000000000007 0 12.000000000000002 3.5000000000000004 11.000000000000002 2.5000000000000004 8.5000000000000018
decision_type=2 1 2 2 2 2 2
left_child=5 2 -2 -3 -4 6 -1
right_child=1 3 4 -5 -6 -7 -8
leaf_value=0.004124503550315772 -0.0042644672668873092 0.0061154497421150832 0.025995347587234825 -0.0058907990353373341 0.0052421167857728207 -5.3882993417334427e-05 -0.013337677948816488
leaf_weight=62.248738259542733 23.246083669364452 84.759735036641359 35.672583468258381 96.506385579705238 19.281421229243279 984.02956488728523 83.662545996718109
leaf_count=866 151 556 471 436 195 14127 1758
internal_value=-2.37747e-05 0.00338814 0.0105359 -0.000262231 0.0187138 -0.000807247 -0.00588795
internal_weight=1389.41 259.466 78.2001 181.266 54.954 1129.94 145.911
internal_count=18560 1809 817 992 666 16751 2624
cat_boundaries=0 1
cat_threshold=12
is_linear=0
shrinkage=0.05


Tree=119
num_leaves=8
num_cat=1
split_feature=2 7 8 0 6 3 4
split_gain=1.4254 1.73717 1.45001 1.98231 3.60347 2.04486 3.34352
threshold=4.5000000000000009 1.0000000180025095e-35 1.0000000180025095e-35 57.000000000000007 2.5000000000000004 0 24.500000000000004
decision_type=2 2 2 2 2 1 2
left_child=1 2 -1 5 -5 6 -4
right_child=-2 -3 3 4 -6 -7 -8
leaf_value=-0.002939491987688613 0.0088512000340088583 0.0028727498771210138 -0.0013477184135573849 0.029599957014344886 -0.0014187529969700546 0.0013379015781434783 -0.027860476768079886
leaf_weight=588.62807184737176 43.826746514067054 324.75683645997196 42.549536794889718 16.252053804695606 22.088149912655354 333.14442626852542 16.503794148564339
leaf_count=10560 320 2880 570 252 231 3453 294
internal_value=-2.24208e-05 -0.000311799 -0.00132655 0.000878642 0.0117298 -0.000182137 -0.00875731
internal_weight=1387.75 1343.92 1019.17 430.538 38.3402 392.198 59.0533
internal_count=18560 18240 15360 4800 483 4317 864
cat_boundaries=0 1
cat_threshold=2
is_linear=0
shrinkage=0.05


Tree=120
num_leaves=8
num_cat=1
split_feature=0 4 5 6 4 6 3
split_gain=1.42609 1.5281 1.96937 1.52529 3.18465 1.89684 1.49093
threshold=42.000000000000007 32.500000000000007 34.500000000000007 7.7500000000000009 8.5000000000000018 12.500000000000002 0
decision_type=2 2 2 2 2 2 1
left_child=3 -2 -3 6 -5 -6 -1
right_child=1 2 -4 4 5 -7 -8
leaf_value=-0.010633532545865793 0.00067962303911195431 0.00080242251470364018 0.016265083395824772 -0.035186673454609983 -0.01028753209054419 0.0014623800196783448 0.00029436794674673203
leaf_weight=33.401154477149248 647.87815530598164 44.940977979451418 38.006770517677069 8.9070204929448646 67.805900634732097 69.609790360555053 476.23177948687226
leaf_count=729 4283 267 329 472 1665 1324 9491
internal_value=-2.13407e-05 0.0014977 0.00788743 -0.00171376 -0.00621344 -0.00433545 -0.000421843
internal_weight=1386.78 730.826 82.9477 655.956 146.323 137.416 509.633
internal_count=18560 4879 596 13681 3461 2989 10220
cat_boundaries=0 1
cat_threshold=2
is_linear=0
shrinkage=0.05


Tree=121
num_leaves=8
num_cat=2
split_feature=2 1 4 0 1 4 5
split_gain=1.36872 1.55125 2.72664 1.54134 2.01686 1.80607 1.7168
threshold=3.5000000000000004 0 6.5000000000000009 1.0000000180025095e-35 1 28.500000000000004 36.500000000000007
decision_type=2 1 2 2 1 2 2
left_child=1 -1 -3 4 6 -6 -2
right_child=3 2 -4 -5 5 -7 -8
leaf_value=0.00052740824193702395 0.011109764212836659 -0.022865519136234903 -0.0031047592738529845 0.0020089041159337801 0.0027346953886827159 0.056523800220315702 -0.044744157027905886
leaf_weight=397.62176254857332 1.6255199550651003 18.58447407418862 287.65105639910325 659.95210117474198 9.4217395894229412 1.8703830521553761 8.9552125623449665
leaf_count=5120 204 320 4480 5369 1434 234 1399
internal_value=-2.05061e-05 -0.00156715 -0.00416788 0.00157611 -0.0114822 0.00617537 -0.0185919
internal_weight=1385.68 703.857 306.236 681.825 21.8729 11.2921 10.5807
internal_count=18560 9920 4800 8640 3271 1668 1603
cat_boundaries=0 1 2
cat_threshold=10 13
is_linear=0
shrinkage=0.05


Tree=122
num_leaves=8
num_cat=2
split_feature=0 6 1 4 4 3 2
split_gain=1.31897 2.54807 2.38953 5.29674 2.21165 1.87088 1.59829
threshold=57.000000000000007 12.500000000000002 0 12.000000000000002 21.500000000000004 1 2.5000000000000004
decision_type=2 2 1 2 2 1 2
left_child=6 2 3 -2 -4 -5 -1
right_child=1 -3 4 5 -6 -7 -8
leaf_value=-0.0056506084511889123 -0.0037747086903798031 -0.0080891701356994219 0.0068897342189257003 0.016069699763122083 -0.005158001135229291 0.038239818045551911 -3.3360241530598099e-05
leaf_weight=145.37616486474872 23.344313491135836 41.82924211025238 86.246823616325855 20.317323554307222 68.2275220900774 17.899225439876318 982.23614044673741
leaf_count=2624 151 274 499 260 370 255 14127
internal_value=-1.98176e-05 0.00320624 0.00539328 0.0128959 0.00147318 0.0264534 -0.000757558
internal_weight=1385.48 257.864 216.035 61.5609 154.474 38.2165 1127.61
internal_count=18560 1809 1535 666 869 515 16751
cat_boundaries=0 1 2
cat_threshold=12 1
is_linear=0
shrinkage=0.05


Tree=123
num_leaves=8
num_cat=1
split_feature=2 7 6 8 0 6 3
split_gain=1.25018 1.49572 1.37853 1.29585 1.73005 3.30003 1.78208
threshold=4.5000000000000009 1.0000000180025095e-35 5.2500000000000009 1.0000000180025095e-35 57.000000000000007 2.5000000000000004 0
decision_type=2 2 2 2 2 2 1
left_child=1 3 -3 -1 6 -6 -5
right_child=-2 2 -4 4 5 -7 -8
leaf_value=-0.0027620263441414921 0.0082802967353574168 0.011731542452556212 0.0014939645807816669 -0.0081851481921947182 0.028588390692834083 -0.0013939892913603269 0.0012792554695368915
leaf_weight=586.52001006761566 43.941934790462255 37.137448799796402 286.98480506427586 58.459582532290369 15.70738238468766 22.076251655817032 333.35273335361853
leaf_count=10560 320 320 2560 864 252 231 3453
internal_value=-1.84146e-05 -0.000290502 0.00266697 -0.00123388 0.00085247 0.0110703 -0.000132862
internal_weight=1384.18 1340.24 324.122 1016.12 429.596 37.7836 391.812
internal_count=18560 18240 2880 15360 4800 483 4317
cat_boundaries=0 1
cat_threshold=2
is_linear=0
shrinkage=0.05


Tree=124
num_leaves=8
num_cat=0
split_feature=0 6 4 6 7 4 5
split_gain=1.2709 1.35257 2.9032 1.71738 1.33186 1.32147 1.77117
threshold=42.000000000000007 7.7500000000000009 8.5000000000000018 12.500000000000002 28.750000000000004 32.500000000000007 34.500000000000007
decision_type=2 2 2 2 2 2 2
left_child=1 4 -3 -4 -1 -2 -7
right_child=5 2 3 -5 -6 6 -8
leaf_value=-0.0014451204642311672 0.00065869527929584345 -0.034244412150576144 -0.0098071583998921141 0.0013950740000757715 0.0058677073317205293 0.00068228881772074677 0.01540381958052848
leaf_weight=436.52001917175949 646.40778528898954 8.4886743044480664 67.281708244699985 69.611862546764314 72.621082592755556 44.891033358871937 37.497440841048956
leaf_count=9492 4283 472 1665 1324 728 267 329
internal_value=-1.74254e-05 -0.00161663 -0.00587017 -0.0041107 -0.000402059 0.0014188 0.00738249
internal_weight=1383.32 654.523 145.382 136.894 509.141 728.796 82.3885
internal_count=18560 13681 3461 2989 10220 4879 596
is_linear=0
shrinkage=0.05


Tree=125
num_leaves=8
num_cat=1
split_feature=0 1 4 6 6 5 5
split_gain=1.19163 2.08119 2.35172 2.24727 2.11196 2.41516 2.61302
threshold=1.0000000180025095e-35 0 20.500000000000004 3.5000000000000004 5.7500000000000009 34.500000000000007 29.500000000000004
decision_type=2 1 2 2 2 2 2
left_child=1 3 -3 -1 5 6 -4
right_child=-2 2 4 -5 -6 -7 -8
leaf_value=-0.008238876725914791 0.00024895668509666423 -0.030513833919180139 0.026321409184310432 0.038450705689356379 -0.024026268747712128 0.030843295671542023 -0.050312324393261776
leaf_weight=4.7517401166260225 1338.3683400861919 15.162987640127538 1.9566317242570237 5.6318312506191432 7.6047472264617673 6.1551133990287781 2.5778905376791954
leaf_count=736 11594 2639 293 872 1188 819 419
internal_value=-1.67517e-05 -0.00812825 -0.0122821 0.00870303 -0.00388469 0.0104443 -0.0172451
internal_weight=1382.21 43.8409 33.4574 10.3836 18.2944 10.6896 4.53452
internal_count=18560 6966 5358 1608 2719 1531 712
cat_boundaries=0 1
cat_threshold=49
is_linear=0
shrinkage=0.05


Tree=126
num_leaves=8
num_cat=2
split_feature=2 0 6 1 4 4 3
split_gain=1.16988 1.18018 2.40669 1.94211 4.86072 2.75973 1.81958
threshold=1.5000000000000002 57.000000000000007 12.500000000000002 0 12.000000000000002 21.500000000000004 1
decision_type=2 2 2 1 2 2 1
left_child=-1 -2 3 4 -3 -5 -6
right_child=1 2 -4 5 6 -7 -8
leaf_value=-0.013131160491477813 -0.00054979289880718928 -0.0035899172872491873 -0.0076893910962576584 0.0078724252219558363 0.015218325394792702 -0.0059506735217910306 0.037400532263564788
leaf_weight=16.798337308689952 1116.0945264543407 23.387886855751276 41.792510516941547 82.588147580623627 19.937728118151426 64.156423598527908 17.237845472991467
leaf_count=640 16154 151 274 482 260 344 255
internal_value=-1.66452e-05 0.000144725 0.00325651 0.00546316 0.0122466 0.00171231 0.0255039
internal_weight=1381.99 1365.2 249.101 207.308 60.5635 146.745 37.1756
internal_count=18560 17920 1766 1492 666 826 515
cat_boundaries=0 1 2
cat_threshold=12 1
is_linear=0
shrinkage=0.05


Tree=127
num_leaves=8
num_cat=1
split_feature=2 7 8 0 5 0 3
split_gain=1.12774 1.26727 1.17103 1.5049 3.35472 1.50248 1.63196
threshold=4.5000000000000009 1.0000000180025095e-35 1.0000000180025095e-35 42.000000000000007 34.500000000000007 57.000000000000007 0
decision_type=2 2 2 2 2 2 1
left_child=1 2 3 4 -1 6 -4
right_child=-2 -3 5 -5 -6 -7 -8
leaf_value=-0.01521261100993645 0.0078573451324890856 0.0024488361343257248 -0.0078013109544626249 -0.00087102674732916676 -0.0012352808322976905 0.010434756365827774 0.0012753995568436716
leaf_weight=67.493874073028564 44.037049755454063 323.67466490762308 58.16455437336117 398.94661715626717 117.94896926777437 37.254880394786596 333.25875012390316
leaf_count=3984 320 2880 864 2779 3797 483 3453
internal_value=-1.54166e-05 -0.000274773 -0.00114497 -0.00260092 -0.00632248 0.000839847 -7.33776e-05
internal_weight=1380.78 1336.74 1013.07 584.389 185.443 428.678 391.423
internal_count=18560 18240 15360 10560 7781 4800 4317
cat_boundaries=0 1
cat_threshold=2
is_linear=0
shrinkage=0.05


Tree=128
num_leaves=8
num_cat=2
split_feature=2 1 4 0 6 1 5
split_gain=1.09006 1.4183 2.27554 1.35716 1.83124 1.63469 1.36682
threshold=3.5000000000000004 0 6.5000000000000009 1.0000000180025095e-35 11.000000000000002 1 36.500000000000007
decision_type=2 1 2 2 2 1 2
left_child=1 -1 -3 4 5 6 -2
right_child=3 2 -4 -5 -6 -7 -8
leaf_value=0.00060266841471882308 0.0079330997600274931 -0.021175714127741569 -0.0029341115114506636 0.0018157111500002423 -0.050302576902083722 0.0071531432376596635 -0.042409314602081367
leaf_weight=395.6363287162967 1.7133389459922908 18.182924716034904 286.02878549741581 658.11686800420284 2.5976343206129959 10.92803472746164 6.3281238717027009
leaf_count=5120 204 320 4480 5369 437 1580 1050
internal_value=-1.49385e-05 -0.00140004 -0.00389634 0.00141125 -0.0109308 -0.00553932 -0.0141219
internal_weight=1379.53 699.848 304.212 679.684 21.5671 18.9695 8.04146
internal_count=18560 9920 4800 8640 3271 2834 1254
cat_boundaries=0 1 2
cat_threshold=10 13
is_linear=0
shrinkage=0.05


Tree=129
num_leaves=8
num_cat=0
split_feature=0 4 7 8 5 4 7
split_gain=1.03695 1.28354 1.28011 1.35982 1.90877 1.75107 1.67226
threshold=42.000000000000007 60.000000000000007 28.750000000000004 1.0000000180025095e-35 34.500000000000007 12.000000000000002 1.0000000180025095e-35
decision_type=2 2 2 2 2 2 2
left_child=1 2 3 4 6 -5 -1
right_child=-2 -3 -4 5 -6 -7 -8
leaf_value=-0.014599062667878197 0.0012866104135487949 -0.011167876441841518 0.0043058232176146115 0.010747672448099398 -0.00095807947031858456 -0.0011146191571743071 -0.0001674456645792038
leaf_weight=66.417843686649576 727.09612661972642 32.355212336871773 97.527813230175525 35.355505283921957 132.64786325441673 259.10253042401746 28.767095550894737
leaf_count=3984 4879 220 948 462 4020 3581 466
internal_value=-1.1793e-05 -0.00145936 -0.000952563 -0.00193447 -0.00483487 0.000309683 -0.0102375
internal_weight=1379.27 652.174 619.819 522.291 227.833 294.458 95.1849
internal_count=18560 13681 13461 12513 8470 4043 4450
is_linear=0
shrinkage=0.05


Tree=130
num_leaves=8
num_cat=0
split_feature=2 7 6 5 6 0 4
split_gain=1.002 1.08371 1.11321 1.00934 0.991531 2.98333 3.18137
threshold=4.5000000000000009 1.0000000180025095e-35 5.2500000000000009 51.500000000000007 2.5000000000000004 57.000000000000007 21.500000000000004
decision_type=2 2 2 2 2 2 2
left_child=1 3 -3 4 5 6 -1
right_child=-2 2 -4 -5 -6 -7 -8
leaf_value=0.0023641455061716981 0.0074012438841461418 0.010386838053918887 0.0012029350256188931 0.0074144347575344112 -0.0025182593359757218 0.01111325818102871 -0.0090330241154631744
leaf_weight=189.78569809067994 44.127894625067711 37.291191944852471 286.4891415797174 33.930344394873828 638.07907657767646 58.364711176604033 90.391981240361929
leaf_count=3170 320 320 2560 320 9920 502 1448
internal_value=-1.15472e-05 -0.000256697 0.00226069 -0.00106326 -0.0013578 0.000829409 -0.00131285
internal_weight=1378.46 1334.33 323.78 1010.55 976.621 338.542 280.178
internal_count=18560 18240 2880 15360 15040 5120 4618
is_linear=0
shrinkage=0.05


Tree=131
num_leaves=8
num_cat=0
split_feature=2 5 0 4 4 5 0
split_gain=1.01639 1.90345 1.62621 3.17736 1.4659 1.74406 2.19859
threshold=2.5000000000000004 24.500000000000004 57.000000000000007 8.5000000000000018 13.500000000000002 45.500000000000007 42.000000000000007
decision_type=2 2 2 2 2 2 2
left_child=1 2 3 -1 5 6 -2
right_child=4 -3 -4 -5 -6 -7 -8
leaf_value=0.0039127409847633608 -0.012214882580353914 -0.020222990856451142 0.0078649240555217874 -0.01146269141777722 0.0014167361579474555 0.0055489994764590335 -0.0011408021406137871
leaf_weight=62.296751173213124 68.890678208786994 15.517031712457536 33.912017807364464 72.945537357591093 946.80915679922327 48.781199361663312 128.27295821160078
leaf_count=866 2360 320 228 1466 11840 640 840
internal_value=-1.10688e-05 -0.00346284 -0.00192538 -0.0043803 0.00052336 -0.00291585 -0.00501018
internal_weight=1377.43 184.671 169.154 135.242 1192.75 245.945 197.164
internal_count=18560 2880 2560 2332 15680 3840 3200
is_linear=0
shrinkage=0.05


Tree=132
num_leaves=8
num_cat=1
split_feature=1 0 5 4 5 5 4
split_gain=0.977343 1.37503 1.74305 1.66343 1.83535 1.94472 1.64636
threshold=0 1.0000000180025095e-35 47.500000000000007 51.500000000000007 30.500000000000004 37.500000000000007 10.500000000000002
decision_type=1 2 2 2 2 2 2
left_child=-1 2 3 4 -2 -6 -7
right_child=1 -3 -4 -5 5 6 -8
leaf_value=-0.006959207656572871 -0.019034662478188025 0.00052758362177028736 -0.05029690305390784 -0.050315736004547917 0.020384523456259199 0.037326392967283344 -0.015268645030100919
leaf_weight=38.837056893855333 12.792440257035194 1296.9334507230669 2.3811623393557957 2.0259373201988629 10.604487772565337 1.7110781893134106 11.40793770784512
leaf_count=960 2208 10948 406 325 1659 257 1797
internal_value=-1.0878e-05 0.000241043 -0.0087811 -0.00621621 -0.00376952 0.00446191 -0.00840881
internal_weight=1376.69 1337.86 40.923 38.5419 36.5159 23.7235 13.119
internal_count=18560 17600 6652 6246 5921 3713 2054
cat_boundaries=0 1
cat_threshold=1
is_linear=0
shrinkage=0.05


Tree=133
num_leaves=8
num_cat=1
split_feature=2 1 0 5 5 4 6
split_gain=0.929428 1.00079 1.41171 1.60722 2.35205 2.81995 1.40818
threshold=1.5000000000000002 0 57.000000000000007 42.500000000000007 37.500000000000007 8.5000000000000018 12.500000000000002
decision_type=2 1 2 2 2 2 2
left_child=-1 -2 6 4 5 -4 -3
right_child=1 2 3 -5 -6 -7 -8
leaf_value=-0.011873210633996534 -0.0076296592232450462 -0.0010403560983401595 -0.0074808314902792264 0.013799529185365167 -0.0087907315480998602 0.0084879522962749837 0.0045145363378507695
leaf_weight=16.323540363460779 30.372048989869654 968.18646581098437 35.720152914524078 34.879938751459122 39.294744770973921 122.31392360851169 129.32965352758765
leaf_count=640 640 13906 196 369 298 832 1679
internal_value=-1.33372e-05 0.000129002 0.00036088 0.00390543 0.00215655 0.00487856 -0.000385776
internal_weight=1376.42 1360.1 1329.72 232.209 197.329 158.034 1097.52
internal_count=18560 17920 17280 1695 1326 1028 15585
cat_boundaries=0 1
cat_threshold=1
is_linear=0
shrinkage=0.05


Tree=134
num_leaves=8
num_cat=1
split_feature=2 7 6 8 0 3 5
split_gain=0.890627 0.961619 0.980586 0.917758 1.18644 1.45106 3.14231
threshold=4.5000000000000009 1.0000000180025095e-35 5.2500000000000009 1.0000000180025095e-35 57.000000000000007 0 39.500000000000007
decision_type=2 2 2 2 2 1 2
left_child=1 3 -3 -1 5 6 -5
right_child=-2 2 -4 4 -6 -7 -8
leaf_value=-0.0023043251504608047 0.0069653168862794605 0.0097428282782402089 0.0011297738777496893 -0.02629615522361381 0.0093667072573154642 0.0012118450390689389 -0.00018656992719257414
leaf_weight=580.06188124604523 44.222609648481011 37.359400529414415 286.17541327001527 15.898636378347872 36.525365941226482 333.31090017687529 41.876384563744068
leaf_count=10560 320 320 2560 294 483 3453 570
internal_value=-1.5391e-05 -0.00024729 0.00212435 -0.00100875 0.000748712 -5.61634e-05 -0.00737145
internal_weight=1375.43 1331.21 323.535 1007.67 427.611 391.086 57.775
internal_count=18560 18240 2880 15360 4800 4317 864
cat_boundaries=0 1
cat_threshold=2
is_linear=0
shrinkage=0.05


Tree=135
num_leaves=8
num_cat=1
split_feature=2 5 0 4 3 4 5
split_gain=0.87456 1.77322 1.48572 2.86015 1.39244 1.29809 1.54711
threshold=2.5000000000000004 24.500000000000004 57.000000000000007 8.5000000000000018 0 13.500000000000002 45.500000000000007
decision_type=2 2 2 2 1 2 2
left_child=1 2 3 4 -1 6 -2
right_child=5 -3 -4 -5 -6 -7 -8
leaf_value=0.010112988839931922 -0.0047449130006803628 -0.019528240828908573 0.0076307830949857054 -0.010867796206915515 -0.0050164185834698869 0.0013205771877425228 0.0052039724287078195
leaf_weight=36.132514732889831 196.18025630363263 15.29147515632212 33.776259250938892 72.272940862458199 26.261258020065725 945.993747103028 48.795511540956795
leaf_count=574 3200 320 228 1466 292 11840 640
internal_value=-1.4784e-05 -0.0032256 -0.00174562 -0.00409736 0.00374509 0.000480558 -0.00276324
internal_weight=1374.7 183.734 168.443 134.667 62.3938 1190.97 244.976
internal_count=18560 2880 2560 2332 866 15680 3840
cat_boundaries=0 1
cat_threshold=1
is_linear=0
shrinkage=0.05


Tree=136
num_leaves=8
num_cat=0
split_feature=0 4 4 5 7 8 5
split_gain=0.862757 1.22489 1.06447 1.64318 1.01332 1.02472 1.74502
threshold=42.000000000000007 60.000000000000007 32.500000000000007 34.500000000000007 28.750000000000004 1.0000000180025095e-35 34.500000000000007
decision_type=2 2 2 2 2 2 2
left_child=1 4 -2 -4 5 6 -1
right_child=2 -3 3 -5 -6 -7 -8
leaf_value=-0.0094826942986563929 0.00048972548096374636 -0.01083626196679637 0.00010404444653443507 0.014366870483544486 0.0038279499753834552 0.00022178055080332413 -0.0005508354428491566
leaf_weight=93.490896804723889 643.02701521292329 32.252238668501377 44.649339266121387 36.867807038128376 97.805320359300822 294.53540742117912 131.73812175216153
leaf_count=4450 4283 220 267 329 948 4043 4020
internal_value=-1.43062e-05 -0.00133712 0.00117208 0.0065547 -0.000841031 -0.0017196 -0.00425838
internal_weight=1374.37 649.822 724.544 81.5171 617.57 519.764 225.229
internal_count=18560 13681 4879 596 13461 12513 8470
is_linear=0
shrinkage=0.05


Tree=137
num_leaves=8
num_cat=2
split_feature=2 1 0 5 5 6 1
split_gain=0.800678 0.916606 1.24136 1.45381 2.12635 2.54061 3.76177
threshold=1.5000000000000002 0 57.000000000000007 42.500000000000007 37.500000000000007 2.5000000000000004 1
decision_type=2 1 2 2 2 2 1
left_child=-1 -2 -3 4 5 -4 -7
right_child=1 2 3 -5 -6 6 -8
leaf_value=-0.01111561629884561 -0.0073229273045592362 -0.00036045622660771951 0.016841419531356681 0.013132061345515388 -0.0083829188119240363 0.010951552375459618 -0.0055425522831509116
leaf_weight=16.050779063254595 30.206935617141426 1095.7927556324285 33.433080710470676 34.537825532257557 39.369682062417269 48.225528847426176 75.740152776241302
leaf_count=640 640 15585 277 369 298 325 426
internal_value=-1.3697e-05 0.000117588 0.000339568 0.00367055 0.00200982 0.00460932 0.00131037
internal_weight=1373.36 1357.31 1327.1 231.306 196.768 157.399 123.966
internal_count=18560 17920 17280 1695 1326 1028 751
cat_boundaries=0 1 2
cat_threshold=1 40
is_linear=0
shrinkage=0.05


Tree=138
num_leaves=8
num_cat=1
split_feature=4 6 4 0 4 1 4
split_gain=0.789269 1.3358 2.35108 1.58857 1.49203 1.76216 1.25046
threshold=16.000000000000004 7.7500000000000009 5.5000000000000009 57.000000000000007 8.5000000000000018 0 19.500000000000004
decision_type=2 2 2 2 2 1 2
left_child=1 3 -3 4 5 -1 -2
right_child=6 2 -4 -5 -6 -7 -8
leaf_value=0.0062767804479647782 0.0045827970077555475 0.0040901759950758261 -0.01979142721602066 0.0052399056207842291 -0.0056326475683463224 -0.0056950853589497518 -8.3736190025893905e-05
leaf_weight=69.038278666790575 175.28883663658053 17.209398587234318 25.690242619719356 81.99267403036356 168.76222604606301 41.380260576959699 793.00249179964885
leaf_count=869 2560 320 640 524 3186 861 9600
internal_value=-1.35534e-05 -0.00186974 -0.0102112 -0.00087895 -0.002676 0.00184291 0.000761042
internal_weight=1372.36 404.073 42.8996 361.173 279.181 110.419 968.291
internal_count=18560 6400 960 5440 4916 1730 12160
cat_boundaries=0 1
cat_threshold=6
is_linear=0
shrinkage=0.05


Tree=139
num_leaves=8
num_cat=1
split_feature=2 7 6 8 0 3 5
split_gain=0.783679 0.895715 0.823971 0.733186 0.998425 1.22935 2.97683
threshold=4.5000000000000009 1.0000000180025095e-35 5.2500000000000009 1.0000000180025095e-35 57.000000000000007 0 39.500000000000007
decision_type=2 2 2 2 2 1 2
left_child=1 3 -3 -1 5 6 -5
right_child=-2 2 -4 4 -6 -7 -8
leaf_value=-0.002128649115187647 0.0065272749076389046 0.0090353691529569419 0.0011455286616947132 -0.025522700944688434 0.0085741616087480956 0.0010321119205455984 6.9239348402535953e-05
leaf_weight=577.63559812167659 44.324068661779165 37.436125899665058 285.13257449539378 15.60629967972636 35.977445658296347 333.95331135578454 41.789513759315014
leaf_count=10560 320 320 2560 294 483 3453 570
internal_value=-1.28725e-05 -0.000231237 0.00206119 -0.000967053 0.000603127 -0.000129665 -0.00688938
internal_weight=1371.85 1327.53 322.569 1004.96 427.327 391.349 57.3958
internal_count=18560 18240 2880 15360 4800 4317 864
cat_boundaries=0 1
cat_threshold=2
is_linear=0
shrinkage=0.05


Tree=140
num_leaves=8
num_cat=1
split_feature=2 5 0 4 3 4 5
split_gain=0.772489 1.56933 1.18801 2.54564 1.11577 1.05035 1.22326
threshold=2.5000000000000004 24.500000000000004 57.000000000000007 8.5000000000000018 0 13.500000000000002 45.500000000000007
decision_type=2 2 2 2 1 2 2
left_child=1 2 3 4 -1 6 -2
right_child=5 -3 -4 -5 -6 -7 -8
leaf_value=0.0092536128185528085 -0.0042478501121744235 -0.018525786009323832 0.0067837252615633378 -0.010197882434924942 -0.0042953233564666368 0.0012074958071989271 0.00459737456828285
leaf_weight=36.502359494566917 194.87201693817042 15.016571212559937 33.404096983373165 71.520468452014029 26.031555940397084 944.9350950429216 48.895109812729061
leaf_count=574 3200 320 228 1466 292 11840 640
internal_value=-1.23798e-05 -0.00304141 -0.00165288 -0.00375514 0.00361348 0.0004526 -0.00247366
internal_weight=1371.18 182.475 167.458 134.054 62.5339 1188.7 243.767
internal_count=18560 2880 2560 2332 866 15680 3840
cat_boundaries=0 1
cat_threshold=1
is_linear=0
shrinkage=0.05


Tree=141
num_leaves=8
num_cat=1
split_feature=0 4 2 1 0 4 7
split_gain=0.75598 1.13864 0.962054 1.28435 0.933697 1.22745 0.902174
threshold=42.000000000000007 60.000000000000007 2.5000000000000004 0 57.000000000000007 8.5000000000000018 45.750000000000007
decision_type=2 2 2 1 2 2 2
left_child=1 6 4 -4 5 -2 -1
right_child=2 -3 3 -5 -6 -7 -8
leaf_value=-0.0012247559107235711 0.00097515988114702629 -0.010425696821014871 -0.003712632779528604 0.0027154716278048677 0.0026277858078243028 -0.013169855711741117 0.0073255930747026998
leaf_weight=583.70390893239528 26.603873804211617 32.143793649505824 82.731805145740509 537.34811398014426 39.550528973340988 36.213465802371502 32.572075642645359
leaf_count=13216 164 220 633 3510 256 316 245
internal_value=-1.19852e-05 -0.00125136 0.00110039 0.00184175 -0.00339025 -0.00717928 -0.000772844
internal_weight=1370.87 648.42 722.448 620.08 102.368 62.8173 616.276
internal_count=18560 13681 4879 4143 736 480 13461
cat_boundaries=0 1
cat_threshold=33
is_linear=0
shrinkage=0.05


Tree=142
num_leaves=8
num_cat=1
split_feature=7 8 0 3 4 5 0
split_gain=0.693768 0.976089 1.031 1.26505 2.78149 0.94913 0.85792
threshold=1.0000000180025095e-35 1.0000000180025095e-35 57.000000000000007 0 24.500000000000004 33.500000000000007 42.000000000000007
decision_type=2 2 2 1 2 2 2
left_child=1 6 3 4 -3 -4 -1
right_child=-2 2 5 -5 -6 -7 -8
leaf_value=-0.0048787434702781095 0.0020172273750989596 0.00012336511232441676 0.0017409188254533957 0.0014225930690173125 -0.02477935767810233 0.017920007516123892 -0.00071621680625648984
leaf_weight=179.96546579804271 322.1920085628517 41.761589938774705 19.879651516675949 377.69593876414001 15.328844444826244 16.662697054445744 396.5395554676652
leaf_count=7781 2880 570 206 3749 294 301 2779
internal_value=-1.1864e-05 -0.000635777 0.00105197 0.000374024 -0.00656304 0.00911831 -0.00201562
internal_weight=1370.03 1047.83 471.329 434.786 57.0904 36.5423 576.505
internal_count=18560 15680 5120 4613 864 507 10560
cat_boundaries=0 1
cat_threshold=2
is_linear=0
shrinkage=0.05


Tree=143
num_leaves=8
num_cat=1
split_feature=4 2 0 4 6 1 0
split_gain=0.671356 1.17968 2.28464 1.16142 2.53442 2.13174 2.10483
threshold=13.500000000000002 2.5000000000000004 57.000000000000007 19.500000000000004 3.5000000000000004 0 57.000000000000007
decision_type=2 2 2 2 2 1 2
left_child=-1 2 -2 4 -3 -5 -6
right_child=1 3 -4 5 6 -7 -8
leaf_value=-0.0019390168679812943 -0.0088636320126610751 0.012692356070207184 0.012353024511222428 0.0020131155694073492 -0.0031122412592033757 -0.0036830049059850059 0.010250557343537392
leaf_weight=339.64024836244062 69.793328918982297 64.206028262153268 15.507532261312006 505.08264236804098 102.1692904708907 231.20830943342298 41.413687266409397
leaf_count=5440 1164 960 116 4800 1990 3840 250
internal_value=-1.14041e-05 0.000624604 -0.00500648 0.00113339 0.00443461 0.000201754 0.000741995
internal_weight=1369.02 1029.38 85.3009 944.08 207.789 736.291 143.583
internal_count=18560 13120 1280 11840 3200 8640 2240
cat_boundaries=0 1
cat_threshold=12
is_linear=0
shrinkage=0.05


Tree=144
num_leaves=8
num_cat=0
split_feature=2 7 0 6 6 4 5
split_gain=0.647432 0.759807 0.745621 0.744301 0.790703 0.715158 2.06799
threshold=4.5000000000000009 1.0000000180025095e-35 57.000000000000007 12.500000000000002 5.2500000000000009 21.500000000000004 41.500000000000007
decision_type=2 2 2 2 2 2 2
left_child=1 5 3 4 -3 -1 -7
right_child=-2 2 -4 -5 -6 6 -8
leaf_value=0.00029303964642047648 0.005924371475024285 0.006802031360128565 0.0099361604036062642 0.0060886142720502079 -0.0013227077640824171 -0.0010748225526830875 -0.011267196293827567
leaf_weight=561.41624632198364 44.443026369437575 35.244537292048335 26.498418260365725 61.256842627655715 199.18031744891778 383.21025145240128 57.194253107532859
leaf_count=8960 320 287 274 570 1749 5440 960
internal_value=-1.16547e-05 -0.000210911 0.00190123 0.00118116 -0.000101196 -0.000890164 -0.00239848
internal_weight=1368.44 1324 322.18 295.682 234.425 1001.82 440.405
internal_count=18560 18240 2880 2606 2036 15360 6400
is_linear=0
shrinkage=0.05


Tree=145
num_leaves=8
num_cat=0
split_feature=0 6 4 6 2 4 0
split_gain=0.64481 1.08141 2.00792 1.09972 0.971454 1.0311 1.99874
threshold=42.000000000000007 7.7500000000000009 16.000000000000004 12.500000000000002 3.5000000000000004 17.500000000000004 57.000000000000007
decision_type=2 2 2 2 2 2 2
left_child=1 -1 -3 -4 -2 6 -6
right_child=4 2 3 -5 5 -7 -8
leaf_value=-6.943311130703146e-05 -0.00067730376103702526 -0.026559908656944537 -0.0081453162199783651 0.00096830083338844187 -0.0062411179319873224 0.0048588414298399085 0.0085269890238570661
leaf_weight=504.24210105882958 389.24390398710966 10.038801534101365 63.146428122650832 69.56781859556213 66.928876325488091 230.03430781885982 34.836465861648321
leaf_count=10220 2641 741 1396 1324 434 1565 239
internal_value=-1.11274e-05 -0.00115708 -0.00499895 -0.00336803 0.00101714 0.00300494 -0.00118568
internal_weight=1368.04 646.995 142.753 132.714 721.044 331.8 101.765
internal_count=18560 13681 3461 2720 4879 2238 673
is_linear=0
shrinkage=0.05


Tree=146
num_leaves=8
num_cat=1
split_feature=1 0 5 4 5 5 4
split_gain=0.647893 1.06702 1.73787 1.65455 1.68815 1.75401 1.54672
threshold=0 1.0000000180025095e-35 47.500000000000007 51.500000000000007 30.500000000000004 37.500000000000007 10.500000000000002
decision_type=1 2 2 2 2 2 2
left_child=-1 2 3 4 -2 -6 -7
right_child=1 -3 -4 -5 5 6 -8
leaf_value=-0.005722371062238895 -0.01783913662498977 0.00044485136860780683 -0.050283505235062365 -0.050301545273691621 0.019996811505935564 0.036594466996126812 -0.01429159123184231
leaf_weight=37.932721187360585 12.324581094086168 1289.3399579683319 2.2751655681058756 1.9366026096977282 10.662126944633203 1.7254277579486359 11.101321851368992
leaf_count=960 2208 10948 406 325 1659 257 1797
internal_value=-1.07565e-05 0.000193809 -0.00784463 -0.00528688 -0.00285272 0.00501063 -0.0074465
internal_weight=1367.3 1329.37 40.0252 37.7501 35.8135 23.4889 12.8267
internal_count=18560 17600 6652 6246 5921 3713 2054
cat_boundaries=0 1
cat_threshold=1
is_linear=0
shrinkage=0.05


Tree=147
num_leaves=8
num_cat=1
split_feature=1 0 5 4 5 5 4
split_gain=0.598822 0.973211 1.67345 1.58547 1.54719 1.55578 1.40597
threshold=0 1.0000000180025095e-35 47.500000000000007 51.500000000000007 30.500000000000004 37.500000000000007 29.500000000000004
decision_type=1 2 2 2 2 2 2
left_child=-1 2 3 4 -2 -6 -7
right_child=1 -3 -4 -5 5 6 -8
leaf_value=-0.0055117003043217193 -0.017256599162646144 0.00042254225930037239 -0.050269601889847484 -0.050286750581412291 0.018616296821470993 -0.00073847134365245056 -0.050289603117594117
leaf_weight=37.799156039953232 12.109178193844853 1289.5376226091757 2.1647879285737863 1.8426816356368352 10.874466840876268 11.090911276638506 1.643715034238993
leaf_count=960 2208 10948 406 325 1659 1764 290
internal_value=-1.27492e-05 0.000183702 -0.00752304 -0.00505939 -0.00272614 0.00472658 -0.00713426
internal_weight=1367.06 1329.26 39.7257 37.561 35.7183 23.6091 12.7346
internal_count=18560 17600 6652 6246 5921 3713 2054
cat_boundaries=0 1
cat_threshold=1
is_linear=0
shrinkage=0.05


Tree=148
num_leaves=8
num_cat=0
split_feature=4 8 2 0 4 6 0
split_gain=0.58742 1.05371 1.03106 2.07501 1.03796 2.23732 1.82654
threshold=13.500000000000002 1.0000000180025095e-35 2.5000000000000004 57.000000000000007 19.500000000000004 3.5000000000000004 57.000000000000007
decision_type=2 2 2 2 2 2 2
left_child=1 -1 3 -2 5 -4 -7
right_child=2 -3 4 -5 -6 6 -8
leaf_value=-0.0034552419419165391 -0.0083943795842263795 0.00293465455871008 0.011895746389528235 0.011864700880519892 0.00017335557914151907 -0.0029080895894483981 0.0095490421008407704
leaf_weight=252.11541969003156 69.328800218179822 86.705384903587401 64.648325225804001 15.457250654697416 735.3301524957642 101.87251088628545 41.378403715789318
leaf_count=4480 1164 960 960 116 8640 1990 250
internal_value=-1.45318e-05 -0.00182005 0.000580543 -0.00470097 0.00105529 0.00417467 0.000690186
internal_weight=1366.84 338.821 1028.02 84.7861 943.229 207.899 143.251
internal_count=18560 5440 13120 1280 11840 3200 2240
is_linear=0
shrinkage=0.05


Tree=149
num_leaves=8
num_cat=1
split_feature=7 8 0 3 5 5 4
split_gain=0.600588 0.785386 0.921981 1.10755 2.59068 0.879672 0.83882
threshold=1.0000000180025095e-35 1.0000000180025095e-35 57.000000000000007 0 39.500000000000007 33.500000000000007 32.500000000000007
decision_type=2 2 2 1 2 2 2
left_child=1 6 3 4 -3 -4 -1
right_child=-2 2 5 -5 -6 -7 -8
leaf_value=-0.0022345761137222576 0.0018754387103145235 -0.024006907173568136 0.0015012902347411716 0.0012579319858283967 0.00018408108552651388 0.017174295594995292 0.0073640345832004118
leaf_weight=550.12019889359362 321.60443578939885 15.06073923408985 19.790572769939899 378.06879608426243 41.740666073746979 16.348280392587185 23.743407897651196
leaf_count=10240 2880 294 206 3749 570 301 320
internal_value=-1.39779e-05 -0.000595527 0.00091758 0.000279869 -0.00623009 0.00859135 -0.00183744
internal_weight=1366.48 1044.87 471.009 434.87 56.8014 36.1389 573.864
internal_count=18560 15680 5120 4613 864 507 10560
cat_boundaries=0 1
cat_threshold=2
is_linear=0
shrinkage=0.05


Tree=150
num_leaves=8
num_cat=0
split_feature=0 4 2 4 0 4 5
split_gain=0.570487 1.01346 0.860653 0.899849 1.78648 1.64716 1.06511
threshold=42.000000000000007 60.000000000000007 3.5000000000000004 17.500000000000004 57.000000000000007 23.500000000000004 40.500000000000007
decision_type=2 2 2 2 2 2 2
left_child=1 -1 -2 4 -4 -5 -7
right_child=2 -3 3 5 -6 6 -8
leaf_value=-0.0006404677809358515 -0.00064098218992471355 -0.0097752032781011147 -0.0058852366001880783 0.010022977653335973 0.0080981930382608269 0.0041582366799822173 -0.0051632457909554542
leaf_weight=613.9239219201263 388.79466649144888 31.943562746513635 66.67766284942627 86.193112444132566 34.741637617349625 99.20551011711359 44.343616247177124
leaf_count=13461 2641 220 434 572 239 689 304
internal_value=-1.33681e-05 -0.00109226 0.000954495 0.00282764 -0.00109515 0.00455935 0.00127875
internal_weight=1365.82 645.867 719.956 331.162 101.419 229.742 143.549
internal_count=18560 13681 4879 2238 673 1565 993
is_linear=0
shrinkage=0.05


Tree=151
num_leaves=8
num_cat=1
split_feature=7 8 4 5 1 0 4
split_gain=0.580903 0.703664 0.844916 2.92187 1.00301 0.933635 0.744557
threshold=1.0000000180025095e-35 1.0000000180025095e-35 24.500000000000004 36.500000000000007 0 42.000000000000007 32.500000000000007
decision_type=2 2 2 2 1 2 2
left_child=1 6 4 -4 -3 -6 -1
right_child=-2 2 3 -5 5 -7 -8
leaf_value=-0.002136699658698091 0.0018454941646233614 0.0068541594373380454 0.0013257101744229161 -0.013428771081268921 -0.0030370287346733467 0.0046901872245219255 0.0068980259043516226
leaf_weight=549.32251827954315 321.5244997064583 86.315618779044598 183.84874025173485 41.046162268146873 90.806093098595738 68.637987326830626 23.79147882014513
leaf_count=10240 2880 960 1920 640 1197 403 320
internal_value=-1.27547e-05 -0.000585173 0.00084741 -0.00136717 0.00287397 0.000272328 -0.00176164
internal_weight=1365.29 1043.77 470.655 224.895 245.76 159.444 573.114
internal_count=18560 15680 5120 2560 2560 1600 10560
cat_boundaries=0 1
cat_threshold=2
is_linear=0
shrinkage=0.05


Tree=152
num_leaves=8
num_cat=1
split_feature=1 4 0 5 4 5 5
split_gain=0.534492 0.912062 0.850058 1.6163 1.53135 1.43576 1.3959
threshold=0 23.500000000000004 1.0000000180025095e-35 47.500000000000007 51.500000000000007 30.500000000000004 37.500000000000007
decision_type=1 2 2 2 2 2 2
left_child=1 -1 3 4 5 -2 -7
right_child=2 -3 -4 -5 -6 6 -8
leaf_value=-0.018352606441894154 -0.016611174753743102 -0.0014405376917008986 0.00039803223131060634 -0.050255548267932208 -0.050273018979823919 0.017695771404125534 -0.0066686629273057952
leaf_weight=11.477081344462929 11.878878892399369 26.104306621477008 1288.0025267051533 2.0531064225360742 1.7553832316771139 11.020656833657997 12.599759609904138
leaf_count=320 2208 640 10948 406 325 1659 2054
internal_value=-9.76425e-06 -0.00521714 0.00017566 -0.00706616 -0.00468599 -0.00243179 0.00469913
internal_weight=1364.89 37.5814 1327.31 39.3078 37.2547 35.4993 23.6204
internal_count=18560 960 17600 6652 6246 5921 3713
cat_boundaries=0 1
cat_threshold=1
is_linear=0
shrinkage=0.05


Tree=153
num_leaves=8
num_cat=2
split_feature=2 1 0 6 1 5 5
split_gain=0.51823 0.614304 0.753062 1.36562 1.39978 4.07022 1.93999
threshold=1.5000000000000002 0 57.000000000000007 12.500000000000002 1 36.500000000000007 37.500000000000007
decision_type=2 1 2 2 1 2 2
left_child=-1 -2 -3 4 5 -4 -6
right_child=1 2 3 -5 6 -7 -8
leaf_value=-0.0091323439333587733 -0.0060518187679940777 -0.00026933172672876071 0.0016497613454221514 -0.0061120765372717732 0.0059308972616615814 0.0289379199414476 -0.0064276547414622385
leaf_weight=15.391773862764238 29.503291099332273 1090.8971270334441 35.467248976230621 35.608953222632408 84.738204330205917 22.229797497391701 50.785586547106504
leaf_count=640 640 15585 356 241 460 310 328
internal_value=-9.63609e-06 9.44341e-05 0.000275606 0.00288552 0.0045437 0.0103667 0.0012104
internal_weight=1364.62 1349.23 1319.73 228.83 193.221 57.697 135.524
internal_count=18560 17920 17280 1695 1454 666 788
cat_boundaries=0 1 2
cat_threshold=1 12
is_linear=0
shrinkage=0.05


Tree=154
num_leaves=8
num_cat=1
split_feature=7 3 4 2 5 6 5
split_gain=0.510937 0.642998 1.84813 2.76421 1.22486 1.32047 1.16367
threshold=1.0000000180025095e-35 0 26.500000000000004 3.5000000000000004 37.500000000000007 16.500000000000004 42.500000000000007
decision_type=2 1 2 2 2 2 2
left_child=1 2 -1 -4 5 -3 -5
right_child=-2 4 3 6 -6 -7 -8
leaf_value=0.0017343274162246456 0.0017315985344280517 -0.0069090472855074655 -0.018936227041476246 0.0021757764249979296 0.00080359241056758622 0.0025601179897154925 -0.010389750335415351
leaf_weight=520.63354552770033 321.45233777258545 162.01798267522827 27.819873445667326 71.79491961048916 187.6513059688732 47.642834826838225 24.785885453224182
leaf_count=7360 2880 3520 640 640 2560 640 320
internal_value=-1.11167e-05 -0.000548558 0.00042608 -0.00504911 -0.00213088 -0.0047573 -0.00104896
internal_weight=1363.8 1042.35 645.034 124.401 397.312 209.661 96.5808
internal_count=18560 15680 8960 1600 6720 4160 960
cat_boundaries=0 1
cat_threshold=1
is_linear=0
shrinkage=0.05


Tree=155
num_leaves=8
num_cat=1
split_feature=0 4 2 1 5 2 0
split_gain=0.51634 0.952801 0.760808 0.864384 0.839518 0.83906 0.895824
threshold=42.000000000000007 60.000000000000007 2.5000000000000004 0 23.500000000000004 3.5000000000000004 57.000000000000007
decision_type=2 2 2 1 2 2 2
left_child=1 -1 -2 -4 -5 -6 -7
right_child=2 -3 3 4 5 6 -8
leaf_value=-0.00059968940821516906 -0.003099558770212122 -0.0094694942715913329 -0.0030148286912863127 0.0087487951205062666 -0.00054872989543223614 0.0020782841060304476 0.0090977409522802252
leaf_weight=613.17009109910578 101.53059217706323 31.849778718780726 81.841075170785189 46.500052563846111 222.40122623369098 208.00702335685492 58.16129345446825
leaf_count=13461 736 220 633 287 1425 1142 656
internal_value=-1.07687e-05 -0.00103766 0.000911181 0.00157127 0.00228634 0.00171807 0.00361213
internal_weight=1363.46 645.02 718.441 616.911 535.07 488.57 266.168
internal_count=18560 13681 4879 4143 3510 3223 1798
cat_boundaries=0 1
cat_threshold=33
is_linear=0
shrinkage=0.05


Tree=156
num_leaves=8
num_cat=1
split_feature=4 6 4 4 3 2 0
split_gain=0.507369 0.9101 2.0186 1.01268 0.994117 0.847552 1.99261
threshold=13.500000000000002 7.7500000000000009 5.5000000000000009 8.5000000000000018 0 2.5000000000000004 57.000000000000007
decision_type=2 2 2 2 1 2 2
left_child=1 3 -3 4 -1 6 -2
right_child=5 2 -4 -5 -6 -7 -8
leaf_value=0.0052647461603691067 -0.0079026744096130346 0.0046667217389185578 -0.017658603483064961 -0.0034279499109414746 -0.003999221090831174 0.00097205414585298027 0.012029902169004805
leaf_weight=95.023169988300651 68.747600940056145 17.060544540174305 24.906258136499673 158.9566363086924 41.653091781307012 941.05744012910873 15.334974288940428
leaf_count=1280 1164 320 640 2560 640 11840 116
internal_value=-1.13362e-05 -0.00169252 -0.00858281 -0.000714408 0.00244148 0.000542313 -0.00426737
internal_weight=1362.74 337.6 41.9668 295.633 136.676 1025.14 84.0826
internal_count=18560 5440 960 4480 1920 13120 1280
cat_boundaries=0 1
cat_threshold=1
is_linear=0
shrinkage=0.05


Tree=157
num_leaves=8
num_cat=2
split_feature=7 2 4 5 3 5 1
split_gain=0.501718 0.588038 0.621654 1.53331 1.57937 1.53496 1.33513
threshold=1.0000000180025095e-35 4.5000000000000009 21.500000000000004 41.500000000000007 0 26.000000000000004 1
decision_type=2 2 2 2 1 2 1
left_child=1 2 6 4 -4 -6 -1
right_child=-2 -3 3 -5 5 -7 -8
leaf_value=0.0029292184448227229 0.0017168138095550946 0.0050841523734655109 -0.016483513178926306 -0.0098994599686781284 -0.0075319412124618948 0.0010736594970084852 -0.0018945196724745803
leaf_weight=253.34752871841192 321.14656835841015 44.433802898973227 15.921441983431578 56.405823680572212 62.494690785184503 303.2889181887731 305.45845397980884
leaf_count=4480 2880 320 320 960 1280 3840 4480
internal_value=-1.09274e-05 -0.000543753 -0.000794595 -0.00220471 -0.00106763 -0.000396621 0.000310949
internal_weight=1362.5 1041.35 996.917 438.111 381.705 365.784 558.806
internal_count=18560 15680 15360 6400 5440 5120 8960
cat_boundaries=0 1 2
cat_threshold=2 18
is_linear=0
shrinkage=0.05


Tree=158
num_leaves=8
num_cat=1
split_feature=0 6 4 6 5 3 5
split_gain=0.480986 0.913619 1.74304 0.925155 0.775457 0.749462 0.781012
threshold=42.000000000000007 7.7500000000000009 16.000000000000004 12.500000000000002 31.500000000000004 0 29.500000000000004
decision_type=2 2 2 2 2 1 2
left_child=1 5 4 -4 -3 -1 -7
right_child=-2 2 3 -5 -6 6 -8
leaf_value=-0.0074681280425731959 0.00088015878185830729 -0.011943722953125848 -0.0074679678698949441 0.0009145102616089913 -0.040528930503776268 -0.0027623114957563985 0.0017670707003422587
leaf_weight=31.514064521994442 717.72849414870143 5.1208222964778525 62.572764358483255 69.450290578883141 4.4207368306815624 132.29848215542734 339.17031833482906
leaf_count=729 4879 485 1396 1324 256 3277 6214
internal_value=-1.01709e-05 -0.00100159 -0.00454992 -0.00305839 -0.0251876 -2.90816e-06 0.000496084
internal_weight=1362.28 644.547 141.565 132.023 9.54156 502.983 471.469
internal_count=18560 13681 3461 2720 741 10220 9491
cat_boundaries=0 1
cat_threshold=2
is_linear=0
shrinkage=0.05


Tree=159
num_leaves=8
num_cat=0
split_feature=4 5 5 4 0 6 0
split_gain=0.466219 0.823191 0.859829 1.31123 2.17022 1.03788 0.747907
threshold=13.500000000000002 45.500000000000007 23.500000000000004 8.5000000000000018 57.000000000000007 7.7500000000000009 57.000000000000007
decision_type=2 2 2 2 2 2 2
left_child=1 2 3 4 -1 -4 -2
right_child=6 -3 5 -5 -6 -7 -8
leaf_value=0.01134579869840629 -6.9350791143866624e-05 0.0043941736256191055 -0.0032894470047590166 -0.0098206926716723555 -0.0087052943910437743 -0.016105556512583708 0.0036128844767197217
leaf_weight=43.675751477479935 860.39985268702731 48.645948280114681 189.06399308471009 19.028543544467539 19.528745278716087 17.237195985624567 164.22051280364394
leaf_count=847 11827 640 2880 640 113 320 1293
internal_value=-9.89294e-06 -0.00162261 -0.00263702 0.00168618 0.00515047 -0.00436028 0.000520818
internal_weight=1361.8 337.18 288.534 82.233 63.2045 206.301 1024.62
internal_count=18560 5440 4800 1600 960 3200 13120
is_linear=0
shrinkage=0.05


Tree=160
num_leaves=8
num_cat=0
split_feature=7 0 6 0 6 2 4
split_gain=0.469024 0.55353 0.541294 0.563586 0.540231 0.517215 0.599979
threshold=1.0000000180025095e-35 57.000000000000007 12.500000000000002 42.000000000000007 5.2500000000000009 4.5000000000000009 21.500000000000004
decision_type=2 2 2 2 2 2 2
left_child=5 2 4 -4 -2 6 -1
right_child=1 -3 3 -5 -6 -7 -8
leaf_value=0.00032531488663981332 0.0056394702747709141 0.0086662718617588636 0.0015254582275318815 0.01143368241031458 -0.0010661592185048432 0.0047473644464186525 -0.0021473332861752909
leaf_weight=558.59201453020796 35.394561537541449 25.923124961555004 38.420347997453064 22.909818530082703 198.39020093157887 44.525805156677961 437.46087420359254
leaf_count=8960 287 274 439 131 1749 320 6400
internal_value=-9.5296e-06 0.00166117 0.00104584 0.00522666 -5.09399e-05 -0.000524973 -0.000760658
internal_weight=1361.62 321.038 295.115 61.3302 233.785 1040.58 996.053
internal_count=18560 2880 2606 570 2036 15680 15360
is_linear=0
shrinkage=0.05


Tree=161
num_leaves=8
num_cat=0
split_feature=4 5 5 4 0 0 7
split_gain=0.43134 0.743175 0.778503 1.18414 1.94444 1.03425 1.03211
threshold=13.500000000000002 45.500000000000007 23.500000000000004 8.5000000000000018 57.000000000000007 42.000000000000007 20.000000000000004
decision_type=2 2 2 2 2 2 2
left_child=1 2 3 4 -1 6 -4
right_child=-2 -3 5 -5 -6 -7 -8
leaf_value=0.010669952060128253 0.00050166080228453255 0.0041507855965138537 -0.013226491051782606 -0.0094053521826332961 -0.0082806466404096637 -0.0014073079082006041 -0.001366000223518887
leaf_weight=44.043479327578098 1024.0240781824104 48.730430025141686 48.226082667009905 18.911273232661188 19.54173044860363 128.09082033857703 29.601342956069857
leaf_count=847 13120 640 1921 640 113 809 470
internal_value=-9.05232e-06 -0.00156026 -0.0025252 0.00157893 0.00484584 -0.00416942 -0.0087154
internal_weight=1361.17 337.145 288.415 82.4965 63.5852 205.918 77.8274
internal_count=18560 5440 4800 1600 960 3200 2391
is_linear=0
shrinkage=0.05


Tree=162
num_leaves=8
num_cat=1
split_feature=2 5 0 4 3 0 6
split_gain=0.421523 1.27582 0.948143 1.5369 0.677836 0.617767 0.850363
threshold=2.5000000000000004 24.500000000000004 57.000000000000007 8.5000000000000018 0 42.000000000000007 7.7500000000000009
decision_type=2 2 2 2 1 2 2
left_child=1 2 3 4 -1 6 -2
right_child=5 -3 -4 -5 -6 -7 -8
leaf_value=0.0070172392597232947 0.00024662427467305917 -0.016596511483486041 0.0065698501012274105 -0.0080547290607241358 -0.0035148209106628443 0.0014296321686028807 -0.0042603219864556048
leaf_weight=37.469502995256335 426.504319883883 14.293111259117721 32.909128084778786 69.320292066782713 25.79342854488641 616.08141797780991 138.69376554898918
leaf_count=574 8345 320 228 1466 292 4143 3192
internal_value=-8.82742e-06 -0.00226431 -0.00102648 -0.002912 0.00272313 0.000334448 -0.000859334
internal_weight=1361.06 179.785 165.492 132.583 63.2629 1181.28 565.198
internal_count=18560 2880 2560 2332 866 15680 11537
cat_boundaries=0 1
cat_threshold=1
is_linear=0
shrinkage=0.05


Tree=163
num_leaves=8
num_cat=0
split_feature=7 0 6 0 6 8 0
split_gain=0.456149 0.476381 0.490459 0.479428 0.463243 0.459414 0.738244
threshold=1.0000000180025095e-35 57.000000000000007 12.500000000000002 42.000000000000007 5.2500000000000009 1.0000000180025095e-35 57.000000000000007
decision_type=2 2 2 2 2 2 2
left_child=5 2 4 -4 -2 -1 -7
right_child=1 -3 3 -5 -6 6 -8
leaf_value=-0.0014718054043484632 0.0052919218161007701 0.0081670681717905935 0.0016387559876030328 0.010783811664469452 -0.0009151222897931556 7.4307879830001408e-05 0.0075801940727447115
leaf_weight=569.58386080665514 35.436773437075317 25.71711827069521 38.380607104860246 22.871945664286613 198.08828531950712 434.94871638389304 35.427761387079954
leaf_count=10560 287 274 439 131 1749 4613 507
internal_value=-8.53897e-06 0.00164068 0.00107131 0.00505356 2.67793e-05 -0.000516796 0.000639635
internal_weight=1360.46 320.495 294.778 61.2526 233.525 1039.96 470.376
internal_count=18560 2880 2606 570 2036 15680 5120
is_linear=0
shrinkage=0.05


Tree=164
num_leaves=8
num_cat=2
split_feature=4 4 0 1 1 4 5
split_gain=0.412391 0.68646 1.89146 2.21501 1.74253 1.31491 1.3045
threshold=13.500000000000002 19.500000000000004 57.000000000000007 0 1 29.500000000000004 29.500000000000004
decision_type=2 2 2 1 1 2 2
left_child=-1 2 3 -2 -3 6 -6
right_child=1 4 -4 -5 5 -7 -8
leaf_value=-0.0015259356527308223 0.0067833833775823252 0.0013922108095296764 0.011033443320534898 -0.0038956093497601097 -0.012100848916901727 -0.019140574802473179 -0.0013822825730356357
leaf_weight=336.68744566268288 70.909646825864911 535.65159414848313 54.404809303581715 111.60445432271808 32.964016906917095 13.104101733304558 204.41165047790855
leaf_count=5440 1447 5120 367 1706 960 320 3200
internal_value=-8.07401e-06 0.000491457 0.00285072 0.000411572 -0.000219563 -0.00357904 -0.00287075
internal_weight=1359.74 1023.05 236.919 182.514 786.131 250.48 237.376
internal_count=18560 13120 3520 3153 9600 4480 4160
cat_boundaries=0 1 2
cat_threshold=18 12
is_linear=0
shrinkage=0.05


Tree=165
num_leaves=8
num_cat=2
split_feature=5 1 5 0 4 1 2
split_gain=0.395084 1.04045 0.871932 1.09372 0.88563 0.755937 1.25121
threshold=33.500000000000007 0 31.500000000000004 42.000000000000007 18.500000000000004 1 3.5000000000000004
decision_type=2 1 2 2 2 1 2
left_child=1 -1 -3 4 -4 6 -2
right_child=5 2 3 -5 -6 -7 -8
leaf_value=0.0091590458941275179 -0.013426453568788297 -0.00088113618548230359 -0.039554965478140441 -0.0035188973451329847 -0.011396779184306602 0.0011162632799969119 0.00026846954954281584
leaf_weight=13.937409577891231 25.304282611235976 441.35137590067461 4.1154395970515898 37.436369672417641 8.6863697576336545 779.50887584779412 48.926002081017941
leaf_count=320 640 6720 256 238 466 8960 960
internal_value=-6.23583e-06 -0.00111401 -0.00155986 -0.00783304 -0.0204489 0.000649716 -0.0038776
internal_weight=1359.27 505.527 491.59 50.2382 12.8018 853.739 74.2303
internal_count=18560 8000 7680 960 722 10560 1600
cat_boundaries=0 1 2
cat_threshold=16 17
is_linear=0
shrinkage=0.05


Tree=166
num_leaves=8
num_cat=0
split_feature=7 0 6 0 2 4 5
split_gain=0.375336 0.440542 0.44105 0.438223 0.424148 0.518056 1.31696
threshold=1.0000000180025095e-35 57.000000000000007 12.500000000000002 42.000000000000007 4.5000000000000009 21.500000000000004 41.500000000000007
decision_type=2 2 2 2 2 2 2
left_child=4 2 -2 -4 5 -1 -7
right_child=1 -3 3 -5 -6 6 -8
leaf_value=0.00033167237877238035 -4.2562449205889821e-05 0.0077912649644607231 0.0014647489766378497 0.01021084126261727 0.0043047865815565882 -0.0009142794218194401 -0.0091268832390017686
leaf_weight=557.7678371751681 233.54269788134843 25.556403681635857 38.433629711624235 22.829375147819519 44.628308458253741 380.30595347564667 56.002870365045965
leaf_count=8960 2036 274 439 131 320 5440 960
internal_value=-2.31536e-06 0.00149387 0.000947955 0.00472394 -0.000463776 -0.000677857 -0.00196842
internal_weight=1359.07 320.362 294.806 61.263 1038.7 994.077 436.309
internal_count=18560 2880 2606 570 15680 15360 6400
is_linear=0
shrinkage=0.05


Tree=167
num_leaves=8
num_cat=2
split_feature=5 1 5 0 4 1 2
split_gain=0.36715 0.975344 0.787128 1.01987 0.857371 0.660345 1.10167
threshold=33.500000000000007 0 31.500000000000004 42.000000000000007 18.500000000000004 1 3.5000000000000004
decision_type=2 1 2 2 2 1 2
left_child=1 -1 -3 4 -4 6 -2
right_child=5 2 3 -5 -6 -7 -8
leaf_value=0.0088637565220682502 -0.012589186707694775 -0.00086043619301354949 -0.039035788092073136 -0.0033431098158501235 -0.010932936513374463 0.0010653121762483233 0.00028162636206463477
leaf_weight=13.987368801608682 25.185263648629189 441.11863878462464 3.9671609632205209 37.413600847125053 8.5916458917781693 779.51410687435418 48.918657842092216
leaf_count=320 640 6720 256 238 466 8960 960
internal_value=-2.21787e-06 -0.00107074 -0.00150357 -0.00748155 -0.0198103 0.000630017 -0.00360608
internal_weight=1358.7 505.078 491.091 49.9724 12.5588 853.618 74.1039
internal_count=18560 8000 7680 960 722 10560 1600
cat_boundaries=0 1 2
cat_threshold=16 17
is_linear=0
shrinkage=0.05


Tree=168
num_leaves=8
num_cat=1
split_feature=0 4 1 8 5 5 5
split_gain=0.358379 0.819522 0.638233 0.827247 2.13499 1.04677 1.47031
threshold=42.000000000000007 60.000000000000007 0 1.0000000180025095e-35 33.500000000000007 35.500000000000007 21.500000000000004
decision_type=2 2 1 2 2 2 2
left_child=1 2 3 5 -5 6 -1
right_child=-2 -3 -4 4 -6 -7 -8
leaf_value=0.0019703718984901641 0.00077054831552397568 -0.0087016321728979815 -0.0022665998750755509 0.015460939019975604 0.00085798025427401357 0.0025695736616500936 -0.010713624604290968
leaf_weight=41.037524676416069 716.11921134591103 31.645442829001695 261.57879725750536 30.474272307939827 140.09379565482959 86.014453900046647 51.544482360128313
leaf_count=1209 4879 220 5884 473 1697 1883 2315
internal_value=1.38901e-06 -0.000856051 -0.000449535 0.000949453 0.00346699 -0.00140176 -0.00509137
internal_weight=1358.51 642.389 610.743 349.165 170.568 178.596 92.582
internal_count=18560 13681 13461 7577 2170 5407 3524
cat_boundaries=0 1
cat_threshold=42
is_linear=0
shrinkage=0.05


Tree=169
num_leaves=8
num_cat=1
split_feature=4 5 0 0 6 1 6
split_gain=0.350204 0.635058 0.680542 0.622925 2.2857 2.48722 2.41115
threshold=13.500000000000002 45.500000000000007 42.000000000000007 57.000000000000007 2.5000000000000004 0 9.5000000000000018
decision_type=2 2 2 2 2 1 2
left_child=1 -1 -3 -2 -5 6 -6
right_child=3 2 -4 4 5 -7 -8
leaf_value=-0.0022961317436477006 -7.77305441493336e-05 0.0098907615058871894 -0.0019209437892567336 0.015274055105201065 0.017602562308014016 -0.0062462611204063788 -0.0013317798801486917
leaf_weight=287.19965712889098 858.7822107472457 23.937764746602625 24.858254179358482 31.998225089162588 31.682620383799076 63.83423887193203 35.826777204871178
leaf_count=4800 11827 494 146 312 402 309 270
internal_value=2.54905e-07 -0.00140013 0.0038735 0.000460593 0.00329087 0.000371499 0.00657961
internal_weight=1358.12 335.996 48.796 1022.12 163.342 131.344 67.5094
internal_count=18560 5440 640 13120 1293 981 672
cat_boundaries=0 1
cat_threshold=44
is_linear=0
shrinkage=0.05


Tree=170
num_leaves=8
num_cat=1
split_feature=7 2 4 4 3 0 6
split_gain=0.335574 0.381204 0.482268 1.25264 0.977628 0.976798 0.757846
threshold=1.0000000180025095e-35 4.5000000000000009 19.500000000000004 17.500000000000004 0 57.000000000000007 13.500000000000002
decision_type=2 2 2 2 1 2 2
left_child=1 2 3 4 5 -1 -6
right_child=-2 -3 -4 -5 6 -7 -8
leaf_value=-0.00052807720263163441 0.0014137367514649563 0.0040809051758330609 -0.0017695545528076857 0.0057171374004417446 -0.0059288322303974461 0.0067583308612159986 0.0015408463119498019
leaf_weight=191.44891263730824 319.9441722035408 44.650156607851386 484.91035855701193 91.926267546135932 115.81810360238887 60.540741752833128 48.040838463697582
leaf_count=3755 2880 320 7040 1280 2240 405 640
internal_value=-1.89964e-06 -0.000438523 -0.000641803 0.000435167 -0.000732449 0.00122249 -0.00373884
internal_weight=1357.28 1037.34 992.685 507.775 415.849 251.99 163.859
internal_count=18560 15680 15360 8320 7040 4160 2880
cat_boundaries=0 1
cat_threshold=1
is_linear=0
shrinkage=0.05


Tree=171
num_leaves=8
num_cat=2
split_feature=2 5 0 4 4 3 1
split_gain=0.321003 1.02609 0.781313 1.39361 0.541649 0.536475 0.501549
threshold=2.5000000000000004 24.500000000000004 57.000000000000007 8.5000000000000018 29.500000000000004 0 1
decision_type=2 2 2 2 2 1 1
left_child=1 2 3 5 -5 -1 -2
right_child=6 -3 -4 4 -6 -7 -8
leaf_value=0.0065647223413923279 -0.0052832719311579181 -0.015015597507329635 0.0060583717403719407 -0.011315867579102034 -0.0023362363776368513 -0.0028190111091796416 0.00048046775315581771
leaf_weight=37.670086147263646 29.070080512203276 13.914515191689132 32.584211375564337 39.650633361656219 29.13190119061619 25.570331097114831 1149.1664089760743
leaf_count=574 640 320 228 1169 297 292 15040
internal_value=-1.86694e-06 -0.00197767 -0.000875554 -0.0025869 -0.00751267 0.00277055 0.000297499
internal_weight=1356.76 178.522 164.607 132.023 68.7825 63.2404 1178.24
internal_count=18560 2880 2560 2332 1466 866 15680
cat_boundaries=0 1 2
cat_threshold=1 1
is_linear=0
shrinkage=0.05


Tree=172
num_leaves=8
num_cat=1
split_feature=4 5 0 0 6 1 6
split_gain=0.327541 0.565739 0.622608 0.56231 2.04587 2.20319 2.17284
threshold=13.500000000000002 45.500000000000007 42.000000000000007 57.000000000000007 2.5000000000000004 0 9.5000000000000018
decision_type=2 2 2 2 2 1 2
left_child=1 -1 -3 -2 -5 6 -6
right_child=3 2 -4 4 5 -7 -8
leaf_value=-0.0022068871300923551 -6.8742734327536346e-05 0.0093374199784142711 -0.0019432025599193431 0.014548301669694369 0.016797852228340019 -0.005849267551683684 -0.0012396701028219959
leaf_weight=286.68215831532143 858.38603040296584 24.090592374093831 24.848132733255625 31.640262242406607 31.286480281502008 63.758949659764767 35.801736764609814
leaf_count=4800 11827 494 146 312 402 309 270
internal_value=-3.67445e-06 -0.00135872 0.0036098 0.00044181 0.00313895 0.000380043 0.00624172
internal_weight=1356.49 335.621 48.9387 1020.87 162.487 130.847 67.0882
internal_count=18560 5440 640 13120 1293 981 672
cat_boundaries=0 1
cat_threshold=44
is_linear=0
shrinkage=0.05


Tree=173
num_leaves=8
num_cat=1
split_feature=0 4 1 8 2 5 5
split_gain=0.315802 0.760166 0.574568 0.708949 1.91559 0.893598 1.31669
threshold=42.000000000000007 60.000000000000007 0 1.0000000180025095e-35 3.5000000000000004 35.500000000000007 21.500000000000004
decision_type=2 2 1 2 2 2 2
left_child=1 2 3 5 -5 6 -1
right_child=-2 -3 -4 4 -6 -7 -8
leaf_value=0.001957903479655534 0.00071787454447120431 -0.0083773543168429564 -0.0021460517172731679 0.010103814431990281 -0.00084280176008723253 0.0023820344750931934 -0.010081916666169324
leaf_weight=41.031630238518119 714.07000531628728 31.558782630134374 260.97076104162261 63.66915032826364 107.34694645693526 86.197860586922616 50.85067577753216
leaf_count=1209 4879 220 5884 718 1452 1883 2315
internal_value=-5.50613e-06 -0.000810562 -0.000419131 0.000907331 0.00323261 -0.00127476 -0.00470533
internal_weight=1355.7 641.626 610.067 349.096 171.016 178.08 91.8823
internal_count=18560 13681 13461 7577 2170 5407 3524
cat_boundaries=0 1
cat_threshold=42
is_linear=0
shrinkage=0.05


Tree=174
num_leaves=8
num_cat=2
split_feature=4 4 0 1 1 4 5
split_gain=0.296709 0.567053 1.47625 1.98598 1.30481 1.08887 1.00552
threshold=13.500000000000002 19.500000000000004 57.000000000000007 0 1 29.500000000000004 29.500000000000004
decision_type=2 2 2 1 1 2 2
left_child=-1 2 3 -2 -3 6 -6
right_child=1 4 -4 -5 5 -7 -8
leaf_value=-0.0012962515996245124 0.0064322960860002656 0.0011660186687390791 0.0098533208806264178 -0.0036762536167670363 -0.010713361369028951 -0.01745042716205809 -0.001204602744737718
leaf_weight=335.4081311642658 71.1968859792687 534.74925176659599 53.694476362317801 111.18521205196157 32.190170686691999 12.842409306205807 203.96817331854254
leaf_count=5440 1447 5120 367 1706 960 320 3200
internal_value=-6.20768e-06 0.000418072 0.0025663 0.000420956 -0.000229006 -0.00314544 -0.00250072
internal_weight=1355.23 1019.83 236.077 182.382 783.75 249.001 236.158
internal_count=18560 13120 3520 3153 9600 4480 4160
cat_boundaries=0 1 2
cat_threshold=18 12
is_linear=0
shrinkage=0.05


Tree=175
num_leaves=8
num_cat=0
split_feature=0 4 2 4 0 4 6
split_gain=0.290077 0.698414 0.540401 0.677395 1.47102 1.20525 0.556414
threshold=42.000000000000007 60.000000000000007 3.5000000000000004 17.500000000000004 57.000000000000007 19.500000000000004 3.5000000000000004
decision_type=2 2 2 2 2 2 2
left_child=1 -1 -2 4 -4 -5 -7
right_child=2 -3 3 5 -6 6 -8
leaf_value=-0.00040161124494236415 -0.00058254306885819652 -0.0080403055893504462 -0.0055873412085992143 0.011781298923439229 0.0071473003280672623 -0.0011167134268488183 0.0043665356057517399
leaf_weight=609.55397821753286 385.02822655439377 31.468498573638499 66.358081199228764 38.267019145190716 34.44956973940134 80.012672618031502 109.69596874341369
leaf_count=13461 2641 220 434 252 239 576 737
internal_value=-4.56447e-06 -0.000776603 0.000688748 0.00217752 -0.00123546 0.00368669 0.00205389
internal_weight=1354.83 641.022 713.812 328.783 100.808 227.976 189.709
internal_count=18560 13681 4879 2238 673 1565 1313
is_linear=0
shrinkage=0.05


Tree=176
num_leaves=8
num_cat=2
split_feature=5 4 4 0 1 1 4
split_gain=0.300763 0.472119 0.48464 1.29982 1.79223 1.19352 0.982085
threshold=51.500000000000007 13.500000000000002 19.500000000000004 57.000000000000007 0 1 29.500000000000004
decision_type=2 2 2 2 1 1 2
left_child=1 -1 3 4 -3 -4 -7
right_child=-2 2 5 -5 -6 6 -8
leaf_value=-0.0018652814517813943 0.0046197006109644605 0.0060580714111945566 0.0011239613664813647 0.0092237993771105472 -0.0035341210442674242 -0.002390519276932786 -0.016613712024989714
leaf_weight=300.73967844666913 34.275364718865603 71.580458818469197 534.66478203516454 53.560236167162657 110.97032862622291 235.77907559555024 12.795162588357924
leaf_count=5120 320 1447 5120 367 1706 4160 320
internal_value=-4.37422e-06 -0.000124436 0.000389168 0.00237484 0.000365358 -0.000209422 -0.00300188
internal_weight=1354.37 1320.09 1019.35 236.111 182.551 783.239 248.574
internal_count=18560 18240 13120 3520 3153 9600 4480
cat_boundaries=0 1 2
cat_threshold=18 12
is_linear=0
shrinkage=0.05


Tree=177
num_leaves=8
num_cat=0
split_feature=7 0 4 5 5 2 6
split_gain=0.281754 0.343064 0.894034 0.644396 0.325287 0.343235 0.427707
threshold=1.0000000180025095e-35 42.000000000000007 60.000000000000007 34.500000000000007 51.500000000000007 4.5000000000000009 2.5000000000000004
decision_type=2 2 2 2 2 2 2
left_child=4 2 -2 -3 5 6 -1
right_child=1 3 -4 -5 -6 -7 -8
leaf_value=0.00067630450700665614 0.0014706066829504197 -0.00021324095031174212 -0.0077162968679804367 0.007158332923114733 0.0043821209944964841 0.0037152995498721734 -0.0015430679703560511
leaf_weight=333.48891963483766 169.63089619623497 60.030746888369322 31.381511972751468 58.57296285405755 34.32561965379864 44.679758818820119 621.91666605230421
leaf_count=5120 1890 317 220 453 320 320 9920
internal_value=-2.88539e-06 0.00129466 3.63722e-05 0.00342724 -0.000403807 -0.000568072 -0.000768385
internal_weight=1354.03 319.616 201.012 118.604 1034.41 1000.09 955.406
internal_count=18560 2880 2110 770 15680 15360 15040
is_linear=0
shrinkage=0.05


Tree=178
num_leaves=8
num_cat=2
split_feature=0 1 6 2 4 3 4
split_gain=0.272492 2.11226 2.15306 2.019 2.01213 1.96622 2.64348
threshold=1.0000000180025095e-35 0 3.5000000000000004 3.5000000000000004 20.500000000000004 1 26.500000000000004
decision_type=2 1 2 2 2 1 2
left_child=1 2 -1 -4 -3 -6 -7
right_child=-2 4 3 -5 5 6 -8
leaf_value=-0.0037994198493296323 0.00012104615500327024 -0.027293256162098919 0.096187253010929549 0.025658183955580734 -0.019350932363432688 -0.0034574104410213854 0.054329971299041727
leaf_weight=4.3006948307156545 1313.6388934217393 13.05928928172216 1.3658221336081622 3.9471533168107271 8.0684060207568109 6.4008873351849616 2.8647304698824883
leaf_count=736 11594 2639 286 586 1313 1013 393
internal_value=-2.75495e-06 -0.00406779 0.0110286 0.0437893 -0.00938402 -0.001305 0.0144092
internal_weight=1353.65 40.007 9.61367 5.31298 30.3933 17.334 9.26562
internal_count=18560 6966 1608 872 5358 2719 1406
cat_boundaries=0 1 2
cat_threshold=49 4
is_linear=0
shrinkage=0.05


Tree=179
num_leaves=8
num_cat=0
split_feature=7 0 6 0 6 5 5
split_gain=0.261441 0.32358 0.327956 0.408057 0.311883 0.301908 0.395696
threshold=1.0000000180025095e-35 57.000000000000007 12.500000000000002 42.000000000000007 5.2500000000000009 49.000000000000007 47.500000000000007
decision_type=2 2 2 2 2 2 2
left_child=5 2 4 -4 -2 6 -1
right_child=1 -3 3 -5 -6 -7 -8
leaf_value=-0.00042454182361802785 0.0042394841731425879 0.0067015838408988173 0.00090725957297902815 0.0093529510374968754 -0.00084968871394856382 0.0031238218513448719 -0.006466631459008893
leaf_weight=948.60703360894695 35.521788362413645 25.058403912931681 38.604857448022813 22.718039110302925 197.41697334684432 57.736793914809823 27.894225182011724
leaf_count=14720 287 274 439 131 1749 640 320
internal_value=-3.29366e-06 0.0012473 0.000782829 0.0040361 -7.36198e-05 -0.000389413 -0.000597137
internal_weight=1353.56 319.32 294.262 61.3229 232.939 1034.24 976.501
internal_count=18560 2880 2606 570 2036 15680 15040
is_linear=0
shrinkage=0.05


Tree=180
num_leaves=8
num_cat=1
split_feature=5 5 5 0 4 1 0
split_gain=0.255011 0.841835 1.06802 0.840124 0.836185 0.565655 1.29856
threshold=33.500000000000007 31.500000000000004 30.500000000000004 42.000000000000007 18.500000000000004 0 57.000000000000007
decision_type=2 2 2 2 2 1 2
left_child=1 2 5 4 -3 -1 -7
right_child=-2 3 -4 -5 -6 6 -8
leaf_value=8.7971552922759934e-05 0.00052398894728151514 -0.038187282963024656 0.013384779594796937 -0.0033816855960674291 -0.009747020250765525 -0.013606390415184466 0.0018115740712559951
leaf_weight=383.97217420954257 851.20891426736489 3.7416281292680642 13.979707337915896 37.338633760809898 8.3570008589886111 27.265740903560072 27.361406818032265
leaf_count=5120 10560 256 320 238 466 1454 146
internal_value=-3.12541e-06 -0.00089689 -0.000220177 -0.00709194 -0.0185425 -0.000653815 -0.00497347
internal_weight=1353.23 502.016 452.579 49.4373 12.0986 438.599 54.6271
internal_count=18560 8000 7040 960 722 6720 1600
cat_boundaries=0 1
cat_threshold=14
is_linear=0
shrinkage=0.05


Tree=181
num_leaves=8
num_cat=0
split_feature=0 4 4 5 4 5 5
split_gain=0.244755 0.57677 0.489302 1.21688 0.558608 1.65778 1.27902
threshold=42.000000000000007 60.000000000000007 32.500000000000007 34.500000000000007 24.500000000000004 36.500000000000007 18.500000000000004
decision_type=2 2 2 2 2 2 2
left_child=1 -1 4 -4 6 -6 -2
right_child=2 -3 3 -5 5 -7 -8
leaf_value=-0.00037261291121550374 -0.0081927937812722243 -0.0073348886757628063 -0.0011822765525298833 0.011277313057707941 0.0012259368778761151 -0.0093826332504798708 0.0017918187776118845
leaf_weight=608.9260594912339 34.637855309993029 31.274606979452074 44.267113458365202 35.162649363279343 109.91249391809106 55.381305560469627 433.3464533649385
leaf_count=13461 255 220 267 329 736 380 2912
internal_value=-3.15205e-06 -0.000712729 0.000634236 0.00433344 0.000170258 -0.00232844 0.00105281
internal_weight=1352.91 640.201 712.708 79.4298 633.278 165.294 467.984
internal_count=18560 13681 4879 596 4283 1116 3167
is_linear=0
shrinkage=0.05


Tree=182
num_leaves=8
num_cat=1
split_feature=0 1 4 6 4 5 5
split_gain=0.239012 1.91599 1.88411 1.85458 1.81672 1.80674 2.46632
threshold=1.0000000180025095e-35 0 20.500000000000004 3.5000000000000004 23.500000000000004 38.500000000000007 31.500000000000004
decision_type=2 1 2 2 2 2 2
left_child=1 3 5 4 -1 6 -3
right_child=-2 2 -4 -5 -6 -7 -8
leaf_value=0.019105375901233686 0.00011273999781389415 -0.031127779750980661 -0.0012309575430614179 0.040220522952450065 -0.050271145995510906 -0.050249618011559 0.029090627657711567
leaf_weight=2.880860364995895 1312.6446718554944 5.2269162368029374 17.30752285476774 5.5217371098697186 1.4032825557515023 4.9338178327307105 2.5201105852611363
leaf_count=474 11594 1112 2719 872 262 1014 513
internal_value=-2.99309e-06 -0.00382054 -0.00896806 0.0104304 -0.00361909 -0.0266002 -0.0115387
internal_weight=1352.44 39.7942 29.9884 9.80588 4.28414 12.6808 7.74703
internal_count=18560 6966 5358 1608 736 2639 1625
cat_boundaries=0 1
cat_threshold=49
is_linear=0
shrinkage=0.05


Tree=183
num_leaves=8
num_cat=2
split_feature=4 4 3 5 4 0 1
split_gain=0.235202 0.521866 0.83039 0.842415 0.450326 1.1401 1.59213
threshold=13.500000000000002 8.5000000000000018 0 31.500000000000004 19.500000000000004 57.000000000000007 1
decision_type=2 2 1 2 2 2 1
left_child=1 2 -1 -4 5 6 -2
right_child=4 -3 3 -5 -6 -7 -8
leaf_value=0.0038478411985031257 0.0057501935730047051 -0.0031686479353578234 -0.00033894575798853083 -0.013140494891874738 -0.00020307448416928943 0.0087138310278599331 -0.0032873982179352727
leaf_weight=96.230195322539657 71.892954033333808 163.88631764240563 57.685080609750003 16.534733623033389 782.13831121195108 53.41817519813776 110.56987050594762
leaf_count=1280 1447 2880 960 320 9600 367 1706
internal_value=-3.44765e-06 -0.00115407 0.000782938 -0.00319088 0.000374437 0.00228936 0.000408517
internal_weight=1352.36 334.336 170.45 74.2198 1018.02 235.881 182.463
internal_count=18560 5440 2560 1280 13120 3520 3153
cat_boundaries=0 1 2
cat_threshold=1 18
is_linear=0
shrinkage=0.05


Tree=184
num_leaves=8
num_cat=1
split_feature=5 5 5 0 4 1 0
split_gain=0.242666 0.761223 0.893706 0.782706 0.781332 0.541337 1.18462
threshold=33.500000000000007 31.500000000000004 30.500000000000004 42.000000000000007 18.500000000000004 0 57.000000000000007
decision_type=2 2 2 2 2 1 2
left_child=1 2 5 4 -3 -1 -7
right_child=-2 3 -4 -5 -6 6 -8
leaf_value=9.3942127802270695e-05 0.0005118927482353243 -0.037489890085070893 0.012162294862044207 -0.0032204216935947348 -0.0095455490087535504 -0.013192397607289671 0.0015632246632378711
leaf_weight=383.79796971054748 850.63565425481647 3.5768134228419504 14.091053580865262 37.34460087120533 8.3199238842353207 26.998427929822356 27.412917837500572
leaf_count=5120 10560 256 320 238 466 1454 146
internal_value=-2.43415e-06 -0.000874754 -0.000232031 -0.00677841 -0.0179472 -0.000630583 -0.00486438
internal_weight=1352.18 501.542 452.3 49.2413 11.8967 438.209 54.4113
internal_count=18560 8000 7040 960 722 6720 1600
cat_boundaries=0 1
cat_threshold=14
is_linear=0
shrinkage=0.05


Tree=185
num_leaves=8
num_cat=1
split_feature=2 7 4 3 5 5 6
split_gain=0.224042 0.274412 0.345843 1.25443 1.22339 0.976988 0.821676
threshold=4.5000000000000009 1.0000000180025095e-35 21.500000000000004 0 41.500000000000007 26.000000000000004 2.5000000000000004
decision_type=2 2 2 1 2 2 2
left_child=1 2 6 -4 5 -5 -1
right_child=-2 -3 3 4 -6 -7 -8
leaf_value=0.0025862076635028929 0.0034772773409658879 0.0011539390865443883 -0.015522396246719162 -0.0058028313390940814 -0.0079811892612128357 0.0011505611947016164 -0.0013217674044659735
leaf_weight=229.3223756221123 44.726092167198658 318.83500321675092 15.577435756102204 60.669012008234859 55.551821576431394 301.88502803072333 325.30674766818993
leaf_count=3520 320 2880 320 1280 960 3840 5440
internal_value=-2.47579e-06 -0.000121541 -0.000533018 -0.00159075 -0.0010717 -1.30045e-05 0.000294062
internal_weight=1351.87 1307.15 988.312 433.683 418.106 362.554 554.629
internal_count=18560 18240 15360 6400 6080 5120 8960
cat_boundaries=0 1
cat_threshold=2
is_linear=0
shrinkage=0.05


Tree=186
num_leaves=8
num_cat=1
split_feature=0 4 2 4 0 4 1
split_gain=0.220327 0.535255 0.474593 0.609626 1.26702 1.0068 0.461337
threshold=42.000000000000007 60.000000000000007 3.5000000000000004 17.500000000000004 57.000000000000007 19.500000000000004 0
decision_type=2 2 2 2 2 2 1
left_child=1 6 -2 4 -4 -5 -1
right_child=2 -3 3 5 -6 -7 -8
leaf_value=0.00083835940217564804 -0.00058966538820692013 -0.0070631102727368349 -0.005294189927955037 0.010819473824311136 0.0065474095930661176 0.0019344111893660884 -0.0019014724270589277
leaf_weight=348.77043895982206 384.245337177068 31.201104830950499 66.061569526791573 38.352060183882713 34.327281549572945 189.03278002515435 259.68104063509963
leaf_count=7577 2641 220 434 252 239 1313 5884
internal_value=-2.46879e-06 -0.000675975 0.000602585 0.00200025 -0.00124504 0.00343302 -0.000348446
internal_weight=1351.67 639.653 712.019 327.774 100.389 227.385 608.451
internal_count=18560 13681 4879 2238 673 1565 13461
cat_boundaries=0 1
cat_threshold=42
is_linear=0
shrinkage=0.05


Tree=187
num_leaves=8
num_cat=0
split_feature=5 4 5 4 0 5 0
split_gain=0.226145 0.367135 0.451845 0.816106 1.66287 0.884273 1.57087
threshold=51.500000000000007 13.500000000000002 23.500000000000004 8.5000000000000018 57.000000000000007 18.500000000000004 42.000000000000007
decision_type=2 2 2 2 2 2 2
left_child=1 2 3 4 5 -1 -7
right_child=-2 -3 -4 -5 -6 6 -8
leaf_value=0.0038832070887976546 0.0040014319152610941 0.00034563638342584562 -0.002842418068313507 -0.0078011266124698685 -0.0080375754813329491 0.001232002986985635 0.031605161899877873
leaf_weight=27.31242932844907 34.364079346880317 1017.4584604226984 217.09415285219438 18.312295216135681 19.436082512140274 7.562118756584824 9.7398361265659332
leaf_count=283 320 13120 3520 640 113 453 111
internal_value=-2.78714e-06 -0.000107275 -0.00164612 0.00150711 0.00416838 0.00948585 0.01833
internal_weight=1351.28 1316.92 299.457 82.3628 64.0505 44.6144 17.302
internal_count=18560 18240 5120 1600 960 847 564
is_linear=0
shrinkage=0.05


Tree=188
num_leaves=8
num_cat=1
split_feature=5 5 5 0 4 1 0
split_gain=0.213498 0.673447 0.788363 0.733268 0.740937 0.446421 1.07772
threshold=33.500000000000007 31.500000000000004 30.500000000000004 42.000000000000007 18.500000000000004 0 57.000000000000007
decision_type=2 2 2 2 2 1 2
left_child=1 2 5 4 -3 -1 -7
right_child=-2 3 -4 -5 -6 6 -8
leaf_value=6.2891705508941054e-05 0.00047959181038921761 -0.036840753823152307 0.011390905165126112 -0.0029658714517797244 -0.0091998795956663073 -0.012464283892316798 0.0016774383019545079
leaf_weight=384.03348379582167 850.3658133870922 3.4326872839592388 14.16611618734896 37.304637253284454 8.2546893712133151 26.528870152309537 27.373600468039513
leaf_count=5120 10560 256 320 238 466 1454 146
internal_value=-2.82416e-06 -0.000821493 -0.000218091 -0.00638973 -0.0173183 -0.000593613 -0.00445594
internal_weight=1351.46 501.094 452.102 48.992 11.6874 437.936 53.9025
internal_count=18560 8000 7040 960 722 6720 1600
cat_boundaries=0 1
cat_threshold=14
is_linear=0
shrinkage=0.05


Tree=189
num_leaves=8
num_cat=0
split_feature=7 0 6 0 6 4 4
split_gain=0.204955 0.286011 0.270791 0.355071 0.257536 0.251937 0.875134
threshold=1.0000000180025095e-35 57.000000000000007 12.500000000000002 42.000000000000007 5.2500000000000009 8.5000000000000018 12.000000000000002
decision_type=2 2 2 2 2 2 2
left_child=5 2 4 -4 -2 -1 -7
right_child=1 -3 3 -5 -6 6 -8
leaf_value=0.001624677077012221 0.0038071401116764299 0.0062541259325467743 0.00071583897011615462 0.0086028232162092284 -0.00081566094635838527 -0.0058553377369322456 -0.00018321180576549842
leaf_weight=140.27662711078301 35.563359441235662 24.86739644408226 38.665958852041513 22.617789149284363 197.12062264420092 74.168760925531387 817.89390818076208
leaf_count=2240 287 274 439 131 1749 1600 11840
internal_value=-2.83929e-06 0.00110524 0.000669688 0.00362666 -0.000109113 -0.000345068 -0.000654809
internal_weight=1351.17 318.835 293.968 61.2837 232.684 1032.34 892.063
internal_count=18560 2880 2606 570 2036 15680 13440
is_linear=0
shrinkage=0.05


Tree=190
num_leaves=8
num_cat=1
split_feature=5 5 5 0 4 1 2
split_gain=0.201587 0.612052 0.711843 0.679709 0.713862 0.43109 0.831542
threshold=33.500000000000007 31.500000000000004 30.500000000000004 42.000000000000007 18.500000000000004 0 3.5000000000000004
decision_type=2 2 2 2 2 1 2
left_child=1 2 -1 4 -3 6 -2
right_child=5 3 -4 -5 -6 -7 -8
leaf_value=-0.00058209839653837611 -0.01089628070722385 -0.036298755142545457 0.010781980205299519 -0.0028411465987570146 -0.0088100279490116017 0.00077320934798172304 0.0014211122716431535
leaf_weight=437.58707658806816 24.75334208458662 3.3201710006687781 14.228277970105408 37.285109430551529 8.1823148713447136 794.8174922070466 30.690854389220476
leaf_count=6720 640 256 320 238 466 9280 640
internal_value=-2.70826e-06 -0.00079873 -0.000224228 -0.00611912 -0.0167446 0.00046596 -0.00345492
internal_weight=1350.86 500.603 451.815 48.7876 11.5025 850.262 55.4442
internal_count=18560 8000 7040 960 722 10560 1280
cat_boundaries=0 1
cat_threshold=16
is_linear=0
shrinkage=0.05


Tree=191
num_leaves=8
num_cat=1
split_feature=2 0 1 5 6 2 4
split_gain=0.196734 0.238802 1.85865 2.18729 1.6384 1.70693 1.69575
threshold=4.5000000000000009 1.0000000180025095e-35 0 38.500000000000007 3.5000000000000004 3.5000000000000004 23.500000000000004
decision_type=2 2 1 2 2 2 2
left_child=1 2 4 -4 6 -6 -1
right_child=-2 -3 3 -5 5 -7 -8
leaf_value=0.017971349643393527 0.0032571346450638687 4.2703000726108131e-06 -0.0032177104955459857 -0.033144744315660175 0.083704802227703642 0.021418158772708681 -0.050255491273258235
leaf_weight=2.9283502483740431 44.758267514407635 1267.1491030659527 20.171626556199048 8.7555928858928365 1.492843449115753 4.1791059062816203 1.3218295415863393
leaf_count=474 320 11352 3598 1682 286 586 262
internal_value=-2.40561e-06 -0.000114114 -0.00397546 -0.00912237 0.0100724 0.0378119 -0.00324758
internal_weight=1350.76 1306 38.8493 28.9272 9.92213 5.67195 4.25018
internal_count=18560 18240 6888 5280 1608 872 736
cat_boundaries=0 1
cat_threshold=49
is_linear=0
shrinkage=0.05


Tree=192
num_leaves=8
num_cat=2
split_feature=0 4 3 1 8 5 5
split_gain=0.192599 0.49212 0.454152 0.477702 0.902368 1.49104 0.852313
threshold=42.000000000000007 60.000000000000007 0 1 1.0000000180025095e-35 33.500000000000007 44.500000000000007
decision_type=2 2 1 1 2 2 2
left_child=1 2 -1 4 6 -6 -4
right_child=-2 -3 3 -5 5 -7 -8
leaf_value=-0.0062319386085010874 0.00056295841337898427 -0.0067654858526414816 -0.0020351165285139787 -0.0016218172724117887 0.013886588185516555 0.0015874883270033874 0.012440221543456838
leaf_weight=30.826384887099266 711.69959161430597 31.120124532375485 166.4327174751088 248.43323742016219 30.988452409394085 120.33079705387354 10.830851650331168
leaf_count=729 4879 220 4910 5635 473 1217 497
internal_value=-2.77589e-06 -0.000632911 -0.000318938 -3.04265e-06 0.00123271 0.0041062 -0.00115067
internal_weight=1350.66 638.963 607.842 577.016 328.583 151.319 177.264
internal_count=18560 13681 13461 12732 7097 1690 5407
cat_boundaries=0 1 2
cat_threshold=2 42
is_linear=0
shrinkage=0.05


Tree=193
num_leaves=8
num_cat=1
split_feature=5 5 5 0 6 1 0
split_gain=0.20283 0.545157 0.639859 0.623132 0.721389 0.408305 1.0193
threshold=33.500000000000007 31.500000000000004 30.500000000000004 57.000000000000007 13.500000000000002 0 57.000000000000007
decision_type=2 2 2 2 2 1 2
left_child=1 2 5 4 -3 -1 -7
right_child=-2 3 -4 -5 -6 6 -8
leaf_value=2.7865644863244988e-05 0.00046687685821257682 -0.01612500922334275 0.010148207210647053 0.00033256976852746536 0.0024130143632218799 -0.012126648285162519 0.0016518889538773584
leaf_weight=383.98477008147165 849.88899013726041 19.116807847516615 14.296622838824986 22.214955300092697 7.2335985279642037 26.326580469030887 27.384378731250763
leaf_count=5120 10560 576 320 107 277 1454 146
internal_value=-3.38843e-06 -0.000801844 -0.000260963 -0.00583576 -0.011036 -0.000600962 -0.00430094
internal_weight=1350.45 500.558 451.992 48.5654 26.3504 437.696 53.711
internal_count=18560 8000 7040 960 853 6720 1600
cat_boundaries=0 1
cat_threshold=14
is_linear=0
shrinkage=0.05


Tree=194
num_leaves=8
num_cat=0
split_feature=5 4 5 0 4 5 0
split_gain=0.193158 0.291248 0.366785 0.675986 1.7473 0.835689 1.3405
threshold=51.500000000000007 13.500000000000002 23.500000000000004 57.000000000000007 8.5000000000000018 18.500000000000004 42.000000000000007
decision_type=2 2 2 2 2 2 2
left_child=1 2 3 4 5 -1 -7
right_child=-2 -3 -4 -5 -6 6 -8
leaf_value=0.0031677529448741037 0.00369508226901382 0.00030326071890929588 -0.002554458354308827 -0.0047803694776848661 -0.016172650653138172 0.0012381550260809374 0.029136543373754643
leaf_weight=27.544126292224973 34.403794446960092 1016.8439182606526 216.30661922204308 29.041006542742252 8.4501192294992489 7.5610817740671346 10.000936947762966
leaf_count=283 320 13120 3520 159 594 453 111
internal_value=-3.35713e-06 -0.000100063 -0.00147213 0.00136227 0.00469313 0.0086021 0.0171253
internal_weight=1350.15 1315.75 298.904 82.5973 53.5563 45.1061 17.562
internal_count=18560 18240 5120 1600 1441 847 564
is_linear=0
shrinkage=0.05


Tree=195
num_leaves=8
num_cat=0
split_feature=7 0 6 0 6 5 5
split_gain=0.196178 0.256329 0.245657 0.31059 0.226508 0.225516 0.359401
threshold=1.0000000180025095e-35 57.000000000000007 12.500000000000002 42.000000000000007 5.2500000000000009 49.000000000000007 47.500000000000007
decision_type=2 2 2 2 2 2 2
left_child=5 2 4 -4 -2 6 -1
right_child=1 -3 3 -5 -6 -7 -8
leaf_value=-0.00035363798967020447 0.0035994704918674543 0.0059681272448991098 0.00076468060099446969 0.0081460364012576215 -0.0007358518370013011 0.0026984965829506104 -0.0061266846277997769
leaf_weight=946.36927954363637 35.572434332221746 24.750618722289801 38.630149308592081 22.58235040307045 196.87788573419675 57.719888144172728 27.749871743377298
leaf_count=14720 287 274 439 131 1749 640 320
internal_value=-3.36954e-06 0.00108155 0.000669698 0.00348779 -7.2407e-05 -0.000338163 -0.000518096
internal_weight=1350.25 318.413 293.663 61.2125 232.45 1031.84 974.119
internal_count=18560 2880 2606 570 2036 15680 15040
is_linear=0
shrinkage=0.05


Tree=196
num_leaves=8
num_cat=2
split_feature=2 5 0 4 0 1 3
split_gain=0.186846 0.827418 0.716991 0.994455 0.45946 0.359411 0.492284
threshold=2.5000000000000004 24.500000000000004 57.000000000000007 8.5000000000000018 42.000000000000007 0 1
decision_type=2 2 2 2 2 1 1
left_child=1 2 3 -1 -5 6 -2
right_child=5 -3 -4 4 -6 -7 -8
leaf_value=0.0023073083551618631 -0.0010701485088680908 -0.013392954642504867 0.0061416434231053351 -0.0026192740072200557 -0.010901007345588401 0.00038026669258039032 -0.01464905579592022
leaf_weight=63.638591010123491 17.981074571609497 13.545470558106897 32.282533247023821 36.635701592545956 30.849589683115482 1144.4134808771778 10.614871698431672
leaf_count=866 320 320 228 1213 253 15040 320
internal_value=-3.19863e-06 -0.00151772 -0.000533326 -0.00217669 -0.00640511 0.000225271 -0.00452743
internal_weight=1349.96 176.952 163.406 131.124 67.4853 1173.01 28.5959
internal_count=18560 2880 2560 2332 1466 15680 640
cat_boundaries=0 1 2
cat_threshold=1 1
is_linear=0
shrinkage=0.05


Tree=197
num_leaves=8
num_cat=1
split_feature=2 7 4 3 5 4 6
split_gain=0.177811 0.215776 0.312064 1.15551 1.122 0.780029 0.613737
threshold=4.5000000000000009 1.0000000180025095e-35 21.500000000000004 0 41.500000000000007 23.500000000000004 2.5000000000000004
decision_type=2 2 2 1 2 2 2
left_child=1 2 6 -4 5 -5 -1
right_child=-2 -3 3 4 -6 -7 -8
leaf_value=0.0022862501986115231 0.0030947759837634016 0.0010227971525618204 -0.014923516745027674 -0.0061380862285055583 -0.0076125879012739778 0.00090351516075461201 -0.0010911393860116728
leaf_weight=230.05001390120015 44.786215547472239 318.24300676118582 15.415814660489559 44.897750547155738 55.368660696782172 317.05714256130159 323.89524531993084
leaf_count=3520 320 2880 320 960 960 4160 5440
internal_value=-2.99243e-06 -0.00010931 -0.000474458 -0.00148052 -0.000983935 3.00581e-05 0.000311469
internal_weight=1349.71 1304.93 986.685 432.739 417.324 361.955 553.945
internal_count=18560 18240 15360 6400 6080 5120 8960
cat_boundaries=0 1
cat_threshold=2
is_linear=0
shrinkage=0.05


Tree=198
num_leaves=8
num_cat=1
split_feature=2 5 0 4 0 1 0
split_gain=0.184999 0.751494 0.653546 0.893967 0.418032 0.318264 0.434252
threshold=2.5000000000000004 24.500000000000004 57.000000000000007 8.5000000000000018 42.000000000000007 0 42.000000000000007
decision_type=2 2 2 2 2 1 2
left_child=1 2 3 -1 -5 -2 -7
right_child=5 -3 -4 4 -6 6 -8
leaf_value=0.0020971136886916391 -0.004258728244558873 -0.012879499646742169 0.0058034727151765365 -0.0025525713527284432 -0.010462649671640156 -0.00062794891253743637 0.0013207691295798445
leaf_weight=63.799091873224825 28.425935737788677 13.431477652862666 32.226427379995584 36.59504201868549 30.727376010268927 556.61965555208735 587.74728236719966
leaf_count=866 640 320 228 1213 253 11105 3935
internal_value=-2.94068e-06 -0.00151077 -0.000575961 -0.00214387 -0.0061629 0.00022434 0.000369683
internal_weight=1349.57 176.779 163.348 131.122 67.3224 1172.79 1144.37
internal_count=18560 2880 2560 2332 1466 15680 15040
cat_boundaries=0 1
cat_threshold=1
is_linear=0
shrinkage=0.05


Tree=199
num_leaves=8
num_cat=1
split_feature=4 0 6 1 6 6 2
split_gain=0.183857 0.35082 1.94249 1.64305 1.89841 1.94703 0.789647
threshold=13.500000000000002 57.000000000000007 2.5000000000000004 0 9.5000000000000018 5.7500000000000009 2.5000000000000004
decision_type=2 2 2 1 2 2 2
left_child=-1 6 -3 4 5 -4 -2
right_child=1 2 3 -5 -6 -7 -8
leaf_value=-0.0010233983729559925 -0.0053159070698077272 0.013678308032984499 0.002208445465969541 -0.0055151357899474633 -0.0021476208626403713 0.027486940435212156 0.00036744530414344469
leaf_weight=333.31770943151787 66.25042094476521 31.175566099584103 15.202794924378395 63.6360072940588 35.420736722648144 15.267221201211214 788.79837686801329
leaf_count=5440 1164 312 225 309 270 177 10663
internal_value=-4.43845e-06 0.000329932 0.00247333 -0.000223577 0.00496969 0.0148744 -7.29091e-05
internal_weight=1349.07 1015.75 160.702 129.527 65.8908 30.47 855.049
internal_count=18560 13120 1293 981 672 402 11827
cat_boundaries=0 1
cat_threshold=44
is_linear=0
shrinkage=0.05


end of trees

feature_importances:
wind_zone_kt=380
tree_canopy_pct=213
asset_type=190
age_years=177
elevation_m=126
condition_rating=103
length_km=84
past_storm_failures=82
flood_zone=45

parameters:
[boosting: gbdt]
[objective: binary]
[metric: binary_logloss]
[tree_learner: serial]
[device_type: cpu]
[data_sample_strategy: bagging]
[data: ]
[valid: ]
[num_iterations: 200]
[learning_rate: 0.05]
[num_leaves: 8]
[num_threads: 18]
[seed: 0]
[deterministic: 0]
[force_col_wise: 0]
[force_row_wise: 0]
[histogram_pool_size: -1]
[max_depth: -1]
[min_data_in_leaf: 200]
[min_sum_hessian_in_leaf: 0.001]
[bagging_fraction: 1]
[pos_bagging_fraction: 1]
[neg_bagging_fraction: 1]
[bagging_freq: 0]
[bagging_seed: 3]
[bagging_by_query: 0]
[feature_fraction: 1]
[feature_fraction_bynode: 1]
[feature_fraction_seed: 2]
[extra_trees: 0]
[extra_seed: 6]
[early_stopping_round: 0]
[early_stopping_min_delta: 0]
[first_metric_only: 0]
[max_delta_step: 0]
[lambda_l1: 0]
[lambda_l2: 0]
[linear_lambda: 0]
[min_gain_to_split: 0]
[drop_rate: 0.1]
[max_drop: 50]
[skip_drop: 0.5]
[xgboost_dart_mode: 0]
[uniform_drop: 0]
[drop_seed: 4]
[top_rate: 0.2]
[other_rate: 0.1]
[min_data_per_group: 100]
[max_cat_threshold: 32]
[cat_l2: 10]
[cat_smooth: 10]
[max_cat_to_onehot: 4]
[top_k: 20]
[monotone_constraints: ]
[monotone_constraints_method: basic]
[monotone_penalty: 0]
[feature_contri: ]
[forcedsplits_filename: ]
[refit_decay_rate: 0.9]
[cegb_tradeoff: 1]
[cegb_penalty_split: 0]
[cegb_penalty_feature_lazy: ]
[cegb_penalty_feature_coupled: ]
[path_smooth: 0]
[interaction_constraints: ]
[verbosity: -1]
[saved_feature_importance_type: 0]
[use_quantized_grad: 0]
[num_grad_quant_bins: 4]
[quant_train_renew_leaf: 0]
[stochastic_rounding: 1]
[linear_tree: 0]
[max_bin: 255]
[max_bin_by_feature: ]
[min_data_in_bin: 3]
[bin_construct_sample_cnt: 200000]
[data_random_seed: 1]
[is_enable_sparse: 1]
[enable_bundle: 1]
[use_missing: 1]
[zero_as_missing: 0]
[feature_pre_filter: 1]
[pre_partition: 0]
[two_round: 0]
[header: 0]
[label_column: ]
[weight_column: ]
[group_column: ]
[ignore_column: ]
[categorical_feature: 1,3]
[forcedbins_filename: ]
[precise_float_parser: 0]
[parser_config_file: ]
[objective_seed: 5]
[num_class: 1]
[is_unbalance: 0]
[scale_pos_weight: 1]
[sigmoid: 1]
[boost_from_average: 1]
[reg_sqrt: 0]
[alpha: 0.9]
[fair_c: 1]
[poisson_max_delta_step: 0.7]
[tweedie_variance_power: 1.5]
[lambdarank_truncation_level: 30]
[lambdarank_norm: 1]
[label_gain: ]
[lambdarank_position_bias_regularization: 0]
[eval_at: ]
[multi_error_top_k: 1]
[auc_mu_weights: ]
[num_machines: 1]
[local_listen_port: 12400]
[time_out: 120]
[machine_list_filename: ]
[machines: ]
[gpu_platform_id: -1]
[gpu_device_id: -1]
[gpu_device_id_list: ]
[gpu_use_dp: 0]
[num_gpu: 1]

end of parameters

pandas_categorical:[["generation", "pumping_station", "substation", "transmission_line", "wastewater_treatment", "water_treatment"], ["AE", "VE", "X"]]
